PatientID,Escherichia,Pseudomonas,Haemophilus,Streptococcus,Veillonella,Fusobacterium,Neisseria,Staphylococcus,Rothia,Granulicatella,Stenotrophomonas,Eikenella,Gemella,Prevotella,Moraxella,Serratia,Leptotrichia,Corynebacterium,Leuconostoc,Selenomonas,Abiotrophia,Bradyrhizobium,Kingella,Capnocytophaga,Porphyromonas,Campylobacter,Pasteurella,Filifactor,Megasphaera,Actinomyces,Enterobacter,Oribacterium,Chryseobacterium,Actinobacillus,Parascardovia,Aggregatibacter,Lautropia,Mannheimia,Butyrivibrio,Citrobacter,Moryella,Enterococcus,Lactobacillus,Conchiformibius,Cohnella,Atopobium,Mycoplasma,Bacteroides,Clostridium,Candidatus Tammella,Elizabethkingia,Klebsiella,Trichococcus,Vagococcus,Dysgonomonas,Peptoniphilus,Providencia,Alkaliphilus,Streptomyces,Blautia,Calothrix,Tannerella,Peptostreptococcus,Cardiobacterium,Catonella,Alishewanella,Cellulomonas,Bulleidia,Tolumonas,Sebaldella,Treponema,Bacillus,Tetragenococcus,Alloscardovia,Halanaerobium,Kocuria,Scardovia,Pelagicoccus,Serinicoccus,Stenoxybacter,Delftia,Gluconacetobacter,Paenibacillus,Negativicoccus,Vibrio,Ruminococcus,Oerskovia,Dialister,Pectinatus,Xanthomonas,Erythrobacter,Arsenophonus,Azorhizophilus,Shewanella,Anoxybacillus,Rhodospirillum,Brachybacterium,Rickettsia,Candidatus Blochmannia,Methylobacillus,Yersinia,Bifidobacterium,Propionibacterium,Luteimonas,Hylemonella,Parabacteroides,Marinospirillum,Desulfovibrio,Microbulbifer,Lactococcus,Arthrospira,Flavobacterium,Marinobacter,Viridibacillus,Alkalibacterium,Glaciecola,Thermicanus,Sphingobacterium,Oxalobacter,Pontibacillus,Shuttleworthia,Gluconobacter,Johnsonella,Avibacterium,Oscillospira,Kushneria,Ralstonia,Marinomonas,Burkholderia,Virgibacillus,Marichromatium,Anaerobranca,Georgenia,Halomonas,Acinetobacter,Psychrobacter,Faecalibacterium,Anaerococcus,Macrococcus,Zhouia,Helicobacter,Acetobacterium,Lachnospira,Chelonobacter,Trabulsiella,Thermodesulfovibrio,Carnobacterium,Amphritea,Brenneria,Pseudidiomarina,Candidatus Liberibacter,Micrococcus,Finegoldia,Chromobacterium,Mogibacterium,Leucobacter,Photobacterium,Gallibacterium,Sedimentibacter,Propionispora,Mycobacterium,Ferrimonas,Alloiococcus,Snowella,Roseospira,Marinitoga,Achromobacter,Streptacidiphilus,Propionigenium,Candidatus Endobugula,Methylophaga,Candidatus Regiella,Natronincola,Legionella,Salinicoccus,Gramella,Hydrogenophilus,Roseomonas,Brochothrix,Chromatium,Microbacterium,Azomonas,Micromonospora,Nitrosococcus,Desulfuromusa,Rhodothermus,Peptococcus,Geobacillus,Desulfonatronum,Hymenobacter,Pedobacter,Thioalkalivibrio,Thiothrix,Erysipelothrix,Exiguobacterium,Ectothiorhodospira,Dokdonella,Edwardsiella,Rhodococcus,Erwinia,Caldilinea,Streptobacillus,Nostoc,Odoribacter,Pediococcus,Tetrasphaera,Deinococcus,Yaniella,Beijerinckia,Desulfosporosinus,Actinocatenispora,Acholeplasma,Anaerobacillus,Mucispirillum,Brevundimonas,Thiocapsa,Methylobacterium,Sphingobium,Caloramator,Emticicia,Sporosarcina,Planomicrobium,Nitrincola,Sporolactobacillus,Knoellia,Arcanobacterium,Thiomonas,Sphingomonas,Neorickettsia,Cupriavidus,Amycolatopsis,Thermovenabulum,Microvirus,Lentibacillus,Amaricoccus,Thalassospira,Planococcus,Pelotomaculum,Anaeromusa,Thermoanaerobacterium,Pseudoalteromonas,Hyphomonas,Hydrocarboniphaga,Anaerotruncus,Sneathia,Afipia,Kribbella,Glycomyces,Jeotgalicoccus,Phaeobacter,Listeria,Thiorhodospira,Actinomadura,Thermus,Nannocystis,Rhodoplanes,Vogesella,Sporotomaculum,Bergeyella,Weissella,Lysobacter,Candidatus Rhabdochlamydia,Thiorhodococcus,Alcanivorax,Saccharospirillum,Mesoplasma,Desulfosarcina,Actinopolymorpha,Heliorestis,Lysinibacillus,Promicromonospora,Polaribacter,Arthrobacter,Saccharopolyspora,Desulfotomaculum,Gardnerella,Actinobaculum,Melissococcus,Alkalibacillus,Nesterenkonia,Litoricola,Enhydrobacter,Tenacibaculum,Xanthobacter,Demequina,Leptolyngbya,Phenylobacterium,Methyloversatilis,Allochromatium,Methanobrevibacter,Akkermansia,Slackia,Bosea,Aminiphilus,Asticcacaulis,Curvibacter,Dethiosulfovibrio,Rhodobacter,Marinococcus,Blastochloris,Eubacterium,Nocardia,Candidatus Phytoplasma,Phascolarctobacterium,Turicibacter,Polynucleobacter,Novosphingobium,Thiohalorhabdus,Thiocystis,Agromyces,Thiobacillus,Actinomycetospora,Devosia,Ehrlichia,Parapedobacter,Psychromonas,Lutibacterium,Helcococcus,Uliginosibacterium,Desulfofrigus,Prauserella,Olivibacter,Bartonella,Gallionella,Halorhodospira,Roseburia,Actinopolyspora,Thermodesulfatator,Fervidobacterium,Coprobacillus,Sulfurospirillum,Desulfonauticus,Nitrobacter,Kineococcus,Pontibacter,Thermoanaerobacter,Sulfobacillus,Coprococcus,Geobacter,Labrys,Collinsella,Aeromicrobium,Luteococcus,Oenococcus,Actinokineospora,Janthinobacterium,Candidatus Amoebophilus,Telmatospirillum,Pseudoxanthomonas,Kitasatospora,Longilinea,Caldithrix,Candidatus Glomeribacter,Desulfuromonas,Cycloclasticus,Fructobacillus,Salinibacterium,Cystobacter,Paraprevotella,Ancylobacter,Rickettsiella,Agrococcus,Lewinella,Dickeya,Rhodoferax,Ochrobactrum,Rhodocyclus,Dechloromonas,Flammeovirga,Maricaulis,Vitreoscilla,Euzebya,Borrelia,Deferribacter,Citricoccus,Moritella,Desulfobacter,Hyphomicrobium,Petrotoga,Candidatus Contubernalis,Thermomonas,Agrobacterium,Leptospira,Syntrophomonas,Methylonatrum,Friedmanniella,Rathayibacter,Aquitalea,Hahella,Halanaerobacter,Chondromyces,Desulfomonile,Dactylosporangium,Morganella,Ruegeria,Actinoallomurus,Zobellia,Rhodovibrio,Pseudoramibacter,Dolichospermum,Desulfurispirillum,Sharpea,Sutterella,Proteus,Janibacter,Francisella,Edaphobacter,Schlegelella,Leucothrix,Arenimonas,Actinocorallia,Brevibacterium,Dyadobacter,Ureibacillus,Eggerthella,Desulfurispora,Paracoccus,Arcobacter,Acidovorax,Reinekea,Tepidanaerobacter,Salinivibrio,Dietzia,Microcoleus,Sanguibacter,Moorella,Kineosporia,Rheinheimera,Acidimicrobium,Runella,Facklamia,Thioalkalimicrobium,Caldicellulosiruptor,Halochromatium,Isoptericola,Pseudoclavibacter,Oceanospirillum,Pseudonocardia,Olsenella,Paucibacter,Tsukamurella,Phyllobacterium,Maribacter,Isosphaera,Aquabacterium,Anaerofilum,Carboxydocella,Candidatus Phlomobacter,Marinobacterium,Coraliomargarita,Methylocella,Limnobacter,Variovorax,Azospirillum,Geothrix,Jonesia,Jiangella,Sediminibacillus,Chitinophaga,Acidisoma,Skermanella,Chlorobaculum,Fibrobacter,Comamonas,Butyricimonas,Bdellovibrio,Mesorhizobium,Planifilum,Curtobacterium,Bizionia,Terracoccus,Hydrocoleum,Segetibacter,Polaromonas,Luteibacter,Cellvibrio,Acidaminobacter,Jannaschia,Methylosinus,Pelobacter,Chthoniobacter,Frankia,Natroniella,Desulfacinum,Lentzea,Sphaerochaeta,Chroococcus,Denitratisoma,Shinella,Gordonia,Microcystis,Rubrivivax,Thermobacillus,Aminobacter,Actinoplanes,Soehngenia,Caldanaerobacter,Saccharomonospora,Streptosporangium,Muricauda,Pilimelia,Haererehalobacter,Dermacoccus,Zhihengliuella,Oscillatoria,Candidatus Methylacidiphilum,Thermogemmatispora,Leptothrix,Aquimonas,Acetobacter,Sarcina,Nitrospina,Nitrospira,Oceanisphaera,Wautersiella,Nonomuraea,Microlunatus,Azorhizobium,Desulfonatronovibrio,Propionicimonas,Kosmotoga
14_BSL,0,73,161,24374,1926,9,28426,5,10,2916,32024,455,7,1059,4,14,0,2,0,3,0,85,1,46,3,1,1,0,0,99,13,0,0,2,4,0,0,21,10,5,0,13,33,0,1,0,5,38,16,0,1,34,75,51,0,1,2,0,2,3,1,0,0,0,0,7,1,1,2,0,1,7,20,0,2,0,9,1,0,7,0,0,10,3,2,0,0,0,0,129,6,5,0,0,0,5,0,0,0,12,0,7,2,74,0,0,3,4,3,7,0,1,6,4,2,0,1,1,9,6,0,0,1,1,4,1,0,1,6,1,0,0,0,3,3,6,0,0,3,0,1,1,0,0,0,0,4,0,0,1,1,0,0,1,16,0,0,1,0,0,0,1,0,0,1,1,0,0,0,0,1,0,0,7,1,1,12,0,2,2,0,0,1,1,0,1,2,1,0,0,0,0,3,0,0,1,17,0,1,0,0,0,0,0,0,0,1,0,0,1,0,1,0,0,1,1,1,1,0,0,1,0,1,3,0,0,0,0,0,0,1,1,1,0,0,4,0,0,0,0,3,0,10,0,0,0,0,2,0,3,0,0,0,0,0,0,2,0,1,0,14,1,0,1,0,0,0,1,0,0,0,0,0,0,0,0,0,1,0,0,0,0,0,0,0,0,1,0,0,0,0,2,0,0,2,0,0,0,0,0,0,0,2,0,0,2,0,0,2,0,0,1,0,0,0,0,0,0,0,0,0,0,0,3,0,0,0,0,0,0,0,0,0,0,0,0,0,0,0,0,0,0,0,1,0,1,0,0,4,0,0,0,0,0,0,0,0,0,0,0,0,0,0,0,0,0,0,1,0,0,0,0,0,0,0,0,1,0,1,0,2,0,0,0,0,0,0,1,0,0,0,0,0,0,0,0,0,0,0,0,0,0,0,0,0,0,0,0,1,0,0,0,0,0,0,0,0,0,0,1,0,0,0,0,0,0,0,0,0,0,0,1,0,1,0,0,0,0,0,1,0,0,0,0,0,0,0,0,0,0,0,0,0,2,0,0,0,1,0,0,0,0,0,0,0,0,0,0,0,0,0,0,0,0,0,0,0,0,0,0,0,0,0,0,0,0,0,0,0,0,0,0,0,0,0,0,0,0,0,0,0,0,0,0,0,0,0,0,1,1,0,0,0,0,0,0,0,0,0,0,0
14_EX1,63,52,31,1064,561,92,242,11696,98,73,14494,25852,18,342,2,19,45,3,0,42,22,0,1,13,3,12,1,0,1,45,8,50,8,1,11,2,0,8,17,0,0,5,1,0,2,1,2,4,10,0,0,0,4,3,0,0,5,5,3,3,0,0,0,0,0,4,2,1,1,1,1,1,1,0,1,0,2,2,0,96,0,0,3,1,5,0,0,0,0,55,1,9,0,0,0,0,1,0,1,6,3,1,0,35,0,0,1,0,0,0,0,0,1,0,0,2,2,1,23,1,0,0,0,1,2,2,3,2,20,0,0,0,0,5,0,3,0,0,8,0,0,0,0,0,0,0,1,1,1,0,0,0,0,2,0,1,0,1,0,0,0,1,0,0,0,0,0,0,0,0,2,0,0,1,1,4,6,2,0,0,0,0,0,1,0,0,0,0,0,0,1,1,2,0,1,0,5,0,0,0,0,0,0,0,1,0,0,1,0,0,0,0,0,0,0,1,0,1,0,0,0,0,0,2,0,0,0,0,1,0,0,0,0,0,0,0,0,0,0,0,0,0,3,0,0,0,1,0,2,2,0,0,0,0,1,0,1,0,0,0,0,1,1,1,1,0,1,0,0,0,0,0,0,1,0,0,0,0,0,0,0,0,0,0,0,0,1,1,0,0,0,0,0,0,0,0,0,0,0,0,0,0,0,0,0,2,0,1,1,0,3,0,0,0,0,0,0,0,4,0,0,0,0,1,0,0,0,0,0,0,0,0,0,0,0,0,0,0,0,0,0,0,0,0,0,0,0,0,0,0,0,1,1,1,1,0,0,0,0,0,0,0,0,0,0,0,0,1,0,0,5,0,0,0,0,0,0,0,0,0,0,0,0,0,0,0,0,0,2,0,0,0,0,0,0,0,0,1,0,0,0,0,0,0,0,0,0,0,0,0,0,0,0,0,0,0,0,0,0,0,0,0,0,0,0,0,0,0,0,0,0,0,0,1,0,0,0,0,0,0,0,0,0,0,0,0,0,0,0,0,1,0,0,0,0,0,0,0,0,1,0,0,0,0,0,0,0,0,0,0,0,0,0,0,0,0,0,0,0,0,0,0,0,0,0,0,0,0,0,0,0,0,0,0,0,0,0,0,0,0,0,0,0,0,0,0,0,0,0,0,0,0,0,0,0,0,0,0,0,0,0
14_P1,2,525,147,4675,2012,307,642,27,181,202,2596,7237,236,1368,0,2,459,1126,1,143,77,0,0,31,171,37,2916,0,89,170,2194,65,32,0,139,49,0,13,254,3335,81,0,10,0,54,109,0,15,5,0,16,280,5,3,0,3,6,1,9,5,0,20,0,8,2,3,2,6,18,4,0,3,4,0,1,5,3,1,0,21,0,0,2,2,1,1,11,14,3,9,0,2,0,3,0,2,0,0,0,2,0,33,0,7,0,1,0,1,0,0,0,1,1,1,1,0,0,0,5,1,1,0,5,7,2,3,0,0,2,0,1,0,0,3,1,1,0,0,0,1,0,2,7,1,8,0,0,0,0,0,0,1,0,0,0,0,0,1,2,1,3,6,0,0,0,8,0,1,2,0,0,1,0,0,0,3,0,7,0,0,1,0,0,0,0,0,0,0,2,0,1,0,0,0,0,0,0,0,2,1,0,0,0,0,0,1,0,0,0,0,0,0,0,0,0,0,2,1,0,0,0,0,0,0,0,0,0,11,0,0,0,0,2,2,0,0,0,1,0,0,0,0,0,0,0,0,1,0,0,0,1,0,0,0,1,0,0,0,4,1,0,1,0,0,0,0,0,0,0,0,0,0,2,0,0,0,0,0,0,0,0,3,0,0,1,0,0,0,1,0,0,0,0,0,1,0,0,0,0,0,0,2,0,0,0,0,0,1,0,0,1,0,0,0,0,0,0,0,2,0,1,0,0,0,0,0,0,1,0,0,0,0,0,0,0,0,0,0,0,0,0,0,0,0,0,0,0,0,0,1,0,0,0,0,0,0,0,0,0,0,1,0,0,0,0,0,0,0,0,0,0,0,0,0,0,0,0,0,0,0,0,0,0,0,0,0,0,0,0,0,0,0,1,0,0,1,0,0,0,0,0,0,0,0,0,0,0,0,0,0,0,0,0,0,0,0,1,0,0,0,0,0,0,0,0,0,0,0,0,0,0,0,0,0,0,0,0,0,0,0,0,0,0,0,0,0,0,0,0,0,0,0,0,0,0,0,0,0,0,0,0,0,0,0,0,0,0,0,0,1,0,0,0,0,0,0,0,0,0,0,0,0,0,0,0,0,0,0,0,0,0,0,0,0,0,0,0,0,0,0,0,0,0,0,0,0,0,0,0,0,0,0,0,0,1,1,0,0,0,0,0
28_BSL,41345,63,15,2008,1122,8,723,236,4,1553,1,0,0,10,0,818,387,1,230,21,0,0,10,0,0,7,4,0,0,1,141,0,42,0,0,0,0,0,0,0,0,25,0,0,4,0,10,0,3,0,0,35,18,18,0,2,26,1,1,0,0,0,0,0,1,8,0,0,10,6,0,1,3,0,7,0,0,0,0,3,0,0,3,1,9,0,0,0,0,1,0,5,0,1,0,0,0,0,10,1,0,0,0,0,0,0,1,0,4,1,0,0,0,0,0,3,3,0,0,1,0,0,0,0,0,1,0,1,0,0,2,0,0,0,0,0,0,0,1,0,0,0,0,0,2,0,1,0,9,0,0,0,0,0,0,0,0,0,0,1,1,1,0,0,0,0,0,0,1,0,1,0,0,0,2,1,0,0,1,1,2,0,1,0,1,0,0,0,0,1,0,0,1,1,0,0,0,3,0,1,1,0,2,0,0,0,0,0,0,0,0,2,1,0,0,2,0,0,0,0,0,1,0,0,0,1,0,0,0,0,0,0,0,0,0,0,0,0,0,1,1,1,0,0,0,0,0,0,1,0,0,0,0,0,0,0,0,0,0,0,0,0,1,0,0,0,0,0,0,0,0,0,0,0,0,0,0,0,0,0,0,0,0,0,0,0,0,0,0,0,0,0,0,0,0,0,0,0,0,0,17,0,1,0,0,0,0,0,1,0,0,0,1,0,0,0,0,0,0,0,0,0,0,0,0,0,0,0,0,0,0,0,0,0,0,1,0,0,0,0,0,0,0,0,0,0,0,0,0,0,0,1,0,0,0,0,0,0,0,0,0,0,0,0,0,0,0,0,0,0,0,0,0,0,0,0,0,0,0,0,0,0,0,0,0,0,0,0,0,0,0,0,0,0,0,0,0,0,0,0,0,0,0,0,0,0,0,0,0,0,0,0,0,0,0,0,0,0,0,0,0,0,0,0,0,0,0,0,0,0,0,0,0,0,0,0,0,0,0,0,0,0,0,0,0,0,0,0,0,0,0,0,0,0,0,0,0,0,0,0,0,0,0,0,0,0,0,0,0,0,0,0,0,0,0,0,0,0,0,0,0,0,0,0,0,0,0,0,0,0,0,0,0,0,0,0,0,0,0,0,0,0,0,0,0,1,0,0,0,0,0,0,0,0,0,0,0,0,0,0,0
28_EX1,6920,18,18,5057,9001,79,8043,1,188,1566,7,7,6,8,1,286,1753,5,329,184,1,0,1237,0,0,26,1,0,11,2,26,0,64,0,11,0,0,2,0,0,0,3,1,0,5,0,0,0,29,0,0,0,16,21,0,2,2,6,2,0,0,0,0,0,0,4,0,0,1,22,0,12,3,0,6,0,0,0,0,6,0,0,6,4,3,0,0,0,2,1,2,0,0,0,0,1,0,0,0,1,0,0,3,1,0,0,0,0,0,0,0,1,0,0,0,0,3,0,1,1,0,0,0,0,2,0,0,0,4,2,1,0,0,0,0,0,0,0,1,0,0,1,0,0,0,0,0,0,0,0,0,0,0,4,0,0,0,1,0,0,0,0,0,0,0,0,0,0,3,0,0,0,0,2,1,0,0,0,0,1,3,0,0,0,0,1,0,0,0,0,0,1,1,1,0,0,1,0,0,1,2,0,1,0,1,0,0,1,0,0,0,0,1,0,0,0,0,0,0,0,0,2,0,0,0,0,0,0,0,0,0,0,0,1,0,0,0,2,0,0,0,0,0,0,0,0,0,0,1,0,0,0,0,0,0,0,0,0,0,0,0,0,0,0,1,1,0,0,0,0,0,0,0,1,0,0,1,1,0,0,0,0,0,0,1,0,0,0,0,0,0,0,0,0,0,0,0,0,0,0,0,0,0,0,0,0,0,0,0,0,0,1,0,0,0,0,0,0,0,0,0,0,0,0,0,0,0,0,0,0,0,0,0,0,0,1,0,0,0,0,0,0,0,0,0,0,0,0,0,0,0,0,0,0,1,1,0,1,0,0,0,0,0,0,0,0,0,0,0,1,0,0,0,0,0,0,0,0,0,0,0,0,0,0,0,0,1,0,0,0,0,0,0,0,0,0,0,0,0,0,0,0,0,0,0,0,0,0,0,0,0,0,0,0,0,0,0,0,0,0,0,0,0,0,0,0,0,0,0,0,0,0,0,0,0,0,0,0,0,0,0,0,0,0,0,0,0,0,0,0,0,0,0,0,0,0,0,0,0,0,0,0,0,0,0,0,0,0,0,0,0,0,0,0,0,0,0,0,0,0,0,1,0,0,0,0,0,0,0,0,0,0,0,0,0,0,0,0,0,0,0,0,0,0,0,0,0,0,0,0,0,0,0,0,0,0,0,0,0,0,0
28_P1,1210015,531,1156,67168,30743,271958,17785,373,2484,7276,71,15,31,15265,8,24658,12872,93,16848,6612,3,1,10354,1219,10,5287,66,6744,23,1,3604,2,2795,416,0,0,3,49,0,0,0,42,35,0,239,6,14,83,232,1361,0,47,72,79,0,847,506,80,37,3,130,0,0,0,0,371,6,0,282,159,1,58,87,0,304,1,0,27,6,54,0,0,38,29,297,0,4,0,8,2,97,177,2,250,2,17,1,257,200,89,0,9,21,1,0,0,43,28,73,12,0,6,24,169,43,93,46,2,41,93,0,14,11,17,12,98,10,12,17,26,116,116,4,13,13,58,0,156,10,0,26,25,1,6,124,21,2,45,114,16,46,0,117,24,1,2,112,2,33,19,6,52,0,88,9,0,0,1,23,31,13,62,65,18,9,13,5,4,35,34,12,0,50,0,8,8,11,32,22,25,0,21,27,1,4,5,3,48,5,45,22,0,15,4,12,2,22,3,51,5,2,23,7,0,0,18,13,2,16,16,4,3,0,11,1,13,2,1,8,0,4,4,2,12,1,12,6,5,6,15,18,10,5,0,0,0,0,5,1,6,10,3,5,16,5,1,8,11,0,10,0,2,18,10,5,2,7,1,1,1,0,4,1,2,8,0,0,3,3,2,3,0,8,3,1,18,1,0,11,0,0,3,0,7,2,0,0,4,1,0,0,1,4,1,1,2,0,3,6,3,2,0,7,4,0,3,0,12,0,9,1,1,2,2,1,0,2,1,5,0,6,1,0,0,9,7,1,0,2,3,0,1,0,1,0,0,2,4,0,0,0,4,0,2,3,0,0,2,0,1,0,2,0,2,0,0,1,1,2,4,1,0,1,1,0,7,1,0,0,0,0,0,2,2,1,1,0,1,1,0,0,1,0,4,0,1,0,2,0,1,3,0,0,2,0,4,2,0,4,0,0,2,1,1,0,0,0,2,0,1,0,4,0,2,0,0,0,0,0,0,2,0,1,0,0,0,0,0,0,0,0,0,0,0,3,0,1,0,1,3,2,0,0,0,0,0,0,1,0,1,0,0,0,2,0,1,0,0,0,0,0,0,0,0,1,0,0,0,0,0,0,0,0,1,0,0,0,0,0,0,1,1,0,0,0,1,1,0,0,0,0,0,0,0,0,0,1,0,0,0,0,0,0,1,0,0,0,0,0,0,0
125_BSL,2,3038,148,4120,5335,2,2833,41,1312,5920,5,6,2,1168,0,834,1268,17,1,140,0,1,141,11,1,12,4,0,89,57,1,0,5,1,373,0,1336,6,0,0,0,22,1,333,75,0,0,79,22,0,0,1,62,52,0,1,2,5,14,0,270,0,0,0,0,3,10,0,2,8,0,6,9,0,3,4,0,0,8,3,0,46,5,1,0,25,31,0,2,0,0,0,0,0,0,1,3,0,1,4,2,7,26,0,0,64,1,4,0,0,2,2,1,0,1,0,0,1,5,3,0,1,1,1,3,0,60,1,3,2,0,0,5,2,0,1,0,0,1,0,0,0,0,0,1,0,3,0,0,0,0,3,0,1,0,2,0,0,0,0,1,1,0,0,13,0,1,6,8,0,1,0,0,1,2,0,0,0,0,1,0,0,0,0,0,1,1,0,1,0,0,0,0,0,0,0,7,0,0,0,0,0,3,0,0,0,0,1,0,0,0,0,1,0,0,0,0,0,0,1,1,0,0,1,0,2,0,9,0,0,0,0,0,0,1,0,1,0,0,0,0,0,0,0,0,0,1,2,1,1,0,0,3,0,0,0,2,0,0,0,0,1,0,0,1,0,0,1,0,0,0,0,0,1,0,0,9,0,0,0,0,19,1,0,0,0,0,15,0,0,0,2,0,0,0,0,0,0,0,0,0,0,0,0,0,0,0,0,0,0,0,0,1,0,2,0,0,0,0,0,0,0,0,0,0,0,0,0,0,0,0,0,0,1,0,0,0,0,0,0,11,0,0,0,0,0,0,0,0,1,0,0,0,0,0,0,1,0,0,0,0,0,0,0,0,0,0,0,0,0,0,0,0,0,0,0,0,0,0,0,0,0,1,0,0,0,0,0,0,0,0,1,0,0,0,0,0,0,0,2,0,0,0,0,0,0,0,0,0,0,0,0,0,0,0,0,0,0,0,0,0,0,3,2,0,0,0,0,0,0,0,0,0,0,0,0,0,0,0,0,0,0,0,0,0,0,0,0,0,0,0,1,0,0,0,0,0,0,0,0,0,0,0,0,0,0,0,0,0,0,0,1,0,0,0,0,0,0,0,0,0,0,0,0,0,0,0,0,0,0,0,0,0,0,0,0,0,0,0,0,0,0,0,0,1,0,0,0,0,0,0,0,0,0,0,0,0,0,0,0,0
125_EX1,71,613,2813,16185,7756,342,26552,2,0,1745,1,8,75,5595,0,45,71,0,2,66,0,0,1722,0,0,252,12,21,36,1,21,0,1,20,2,4,14,142,495,0,0,8,10,182,5,0,0,50,17,0,0,1,26,27,0,3,17,6,0,25,3,0,0,0,0,9,1,12,2,4,1,10,11,0,2,0,0,1,0,4,0,0,5,3,4,0,0,0,1,0,10,9,1,9,0,8,0,0,3,13,0,1,0,0,0,0,3,14,5,2,0,3,2,1,6,3,0,0,5,2,2,0,2,11,2,2,0,2,5,3,2,3,0,2,3,2,0,0,0,0,0,1,5,2,0,1,2,0,1,0,1,0,0,18,0,0,0,0,0,2,1,3,0,0,2,14,0,0,0,0,1,0,0,0,0,0,3,1,2,0,0,0,0,0,0,1,0,1,0,0,0,0,2,1,4,0,0,2,0,0,2,0,1,2,2,0,0,0,0,1,1,0,0,0,0,0,0,1,0,0,0,1,1,1,0,0,1,0,2,0,0,0,0,0,0,0,0,1,0,0,1,0,0,0,0,0,1,1,0,2,2,1,0,0,0,2,4,0,0,0,0,1,0,1,0,0,0,0,0,0,0,1,0,0,0,0,0,0,0,0,0,0,0,0,0,0,0,0,0,0,0,0,0,0,0,0,0,4,0,0,0,0,0,1,0,0,0,0,0,0,1,0,0,0,0,0,0,0,0,0,0,0,0,0,0,0,0,0,0,0,1,0,0,0,0,0,0,0,0,0,0,0,0,1,0,0,0,0,0,0,0,0,0,0,0,0,0,0,0,0,2,0,0,0,0,0,0,0,0,0,0,0,0,0,0,0,0,0,0,0,0,0,0,0,0,0,0,0,0,0,0,0,0,0,0,0,0,0,0,0,0,0,0,0,0,0,0,0,0,0,0,0,0,0,0,0,0,0,0,0,0,0,0,0,0,0,0,0,0,0,0,0,0,0,0,0,0,1,0,0,0,0,0,0,0,0,0,0,0,0,0,0,0,0,0,0,0,0,0,0,0,0,0,0,0,0,0,0,0,0,0,0,0,0,0,0,0,0,0,0,0,0,0,0,0,0,0,0,0,0,0,0,0,0,0,0,0,0,0,0,0,0,0,0,0,0,0,0,0,0,0,0,0,0,0,0,0,0,0,0,0
125_P1,4,48,2938,8016,8832,200,14081,4,2704,7335,3,25,101,882,1,7,189,3,2,967,0,0,1178,0,0,125,7,1,196,100,1,0,0,24,991,3,515,134,102,0,0,11,2,2328,0,47,0,17,24,0,0,0,58,69,1,0,2,12,28,21,0,0,0,0,0,2,16,10,1,1,0,17,7,0,1,6,0,0,10,2,0,0,9,2,0,6,38,9,0,0,2,2,0,0,1,7,1,1,0,1,0,9,6,0,0,0,0,1,1,0,0,0,0,0,0,0,0,2,5,1,2,0,2,11,4,0,2,1,4,2,1,1,6,0,0,3,0,0,4,0,0,2,7,3,0,0,4,0,0,0,0,4,0,11,0,4,0,1,0,1,2,0,0,0,1,2,0,20,2,0,0,1,0,0,1,1,0,0,0,0,0,0,0,0,1,1,2,1,0,0,0,1,0,0,1,0,0,0,0,0,0,0,0,0,0,1,0,0,0,0,1,0,1,0,0,0,0,2,0,1,0,1,0,0,0,0,0,0,0,0,1,0,3,0,0,0,1,0,0,0,0,0,0,8,0,0,1,0,3,1,0,0,2,0,0,0,2,2,0,1,0,0,0,0,0,2,1,2,1,1,2,1,1,0,0,0,1,0,0,1,0,0,0,0,0,0,0,0,0,13,0,0,0,0,0,0,0,0,0,0,0,0,0,2,0,0,0,0,0,0,0,0,0,0,0,0,0,0,0,0,2,0,0,0,0,9,0,1,0,0,1,0,0,1,0,0,0,0,0,0,0,0,0,0,0,0,0,0,0,0,0,0,0,0,0,0,0,0,0,0,0,0,0,0,0,0,0,0,0,0,0,0,0,0,0,0,0,0,0,1,0,0,0,0,0,0,0,0,0,0,0,0,1,1,0,0,0,0,0,0,0,0,0,0,1,0,0,0,0,0,0,0,0,0,0,0,0,0,0,0,0,0,0,0,1,0,1,0,0,0,0,0,0,0,0,0,0,0,0,0,0,1,0,0,0,0,0,0,0,0,0,1,0,0,0,0,0,0,0,0,0,0,0,0,0,0,0,0,0,0,0,0,0,0,0,0,0,0,0,0,0,0,0,0,0,0,0,0,0,0,0,0,0,0,0,0,0,0,0,0,0,0,0,0,0,0,0,0,0,0,0,0,0,0,0,0,0,0,0,0,0
127_BSL,8,25213,560,9710,3791,273,6018,25,2185,1937,0,0,844,454,2,32,996,23,190,532,75,0,0,275,1,97,2,0,93,21,1,358,80,1,14,14,285,27,60,0,119,7,18,31,68,0,0,11,8,0,62,1,10,11,0,2,1,2,4,174,29,0,0,20,0,1,15,0,1,26,0,2,1,0,2,11,0,62,7,2,0,0,3,0,1,0,5,0,5,0,3,1,8,0,0,1,2,0,0,4,91,1,0,1,0,0,0,2,0,1,0,0,1,0,1,0,0,0,0,1,0,1,0,1,0,0,13,0,0,1,0,0,1,1,2,0,0,0,2,2,1,0,1,0,0,1,6,2,0,0,0,2,0,0,0,3,0,0,1,0,4,0,0,0,1,2,0,1,1,2,0,0,0,2,2,0,2,1,0,0,2,1,0,0,0,0,0,0,0,0,3,0,0,0,2,0,1,0,0,0,0,0,0,0,0,1,5,0,0,1,0,0,0,0,0,0,0,0,0,0,0,0,1,0,1,2,0,0,0,0,0,0,2,0,1,0,0,0,0,1,0,0,0,0,2,0,0,0,0,0,0,0,1,0,0,0,1,1,2,0,0,0,0,1,0,0,0,0,0,0,0,1,0,0,0,0,0,0,0,0,3,0,0,0,0,0,0,0,0,0,0,0,0,0,0,0,0,0,0,0,0,0,0,0,0,0,0,0,0,0,0,0,0,0,0,0,0,0,0,0,0,0,0,0,0,0,0,0,0,0,0,0,0,0,0,0,0,0,0,0,0,0,0,1,0,0,0,0,0,1,0,0,0,0,0,0,0,0,0,0,0,0,0,0,0,0,0,0,0,0,0,0,0,0,0,0,0,0,0,0,0,0,0,0,0,0,0,0,0,0,0,0,0,0,0,0,1,0,0,0,0,0,0,0,0,0,0,0,0,0,0,0,0,0,0,0,0,0,0,0,0,0,0,0,0,0,0,0,0,0,0,0,0,0,0,0,0,0,0,0,0,0,1,0,0,0,0,0,0,0,0,0,0,0,0,0,0,0,0,0,0,0,0,0,0,0,1,0,0,0,0,0,0,0,0,0,0,0,0,0,0,0,0,0,0,0,0,0,0,0,0,0,0,1,0,0,0,0,0,0,0,0,0,0,0,0,0,0,0,0,0,0,0,0,0,0,0,0,0,0,0
127_EX1,0,9688,1278,13217,14974,683,6024,5,2288,739,19,1,1332,7493,5,10,7944,102,30,719,7,399,0,893,2,542,2,37,985,172,1,1017,88,24,1612,0,292,76,1092,0,540,3,9,334,82,474,1,261,49,1,121,0,13,11,0,6,2,12,41,33,3,0,0,0,0,5,16,5,2,209,0,13,4,0,10,8,3,61,10,1,0,1,5,8,1,0,117,21,20,1,5,3,5,4,1,5,22,0,3,5,1,7,0,0,239,0,2,24,1,0,1,4,3,1,2,0,2,5,6,1,0,1,8,1,4,1,1,1,8,7,0,0,2,0,2,1,3,0,1,13,1,8,0,5,0,1,3,0,0,0,1,1,0,0,0,2,0,0,4,4,4,1,0,0,2,24,0,17,22,0,1,1,0,17,0,9,0,0,2,0,16,0,0,1,1,1,2,1,0,1,19,0,0,0,0,0,0,0,2,0,3,0,3,0,1,2,0,0,0,2,1,0,1,0,0,0,13,2,0,1,0,1,0,0,3,1,3,0,0,0,0,0,2,0,2,0,0,2,3,0,0,3,0,0,31,0,2,1,0,1,3,1,5,3,0,2,0,0,2,0,0,0,0,0,0,0,1,0,0,0,1,1,1,0,1,0,1,0,0,4,5,0,3,0,1,1,1,0,0,0,0,1,0,0,0,7,0,2,1,1,0,0,0,0,0,1,0,0,0,1,0,0,1,0,0,0,0,0,0,0,0,0,0,0,1,0,0,1,0,0,0,0,0,0,0,0,1,0,1,0,0,0,2,0,0,0,1,0,0,1,0,0,0,0,0,0,4,0,0,0,0,0,1,0,0,0,0,0,0,0,0,0,0,0,0,0,0,0,0,0,0,0,1,0,0,0,0,1,0,0,0,0,2,0,0,0,0,0,0,0,0,0,0,0,0,0,0,0,0,0,0,0,0,0,0,0,0,1,0,0,1,0,0,0,1,0,0,0,0,0,0,0,0,0,0,0,0,0,0,0,0,1,2,0,0,0,0,0,0,0,0,0,1,0,0,0,0,0,0,0,0,0,0,0,0,0,0,0,1,0,0,0,0,1,0,0,0,0,0,0,0,0,0,0,0,0,0,0,0,0,0,0,0,0,0,0,0,0,0,0,0,0,0,0,0,0,0,0,0,0,0,0,0,0,0,0,0,1,0,1,0
127_P1,58,35902,1086,14303,7819,480,3933,14,1434,1749,24,8,1183,967,25,47,2314,22,278,574,51,2,4,681,0,156,3,0,90,15,12,629,103,8,218,0,434,46,144,0,152,9,17,26,162,13,5,107,36,0,83,3,23,18,0,2,3,10,13,20,187,0,0,0,0,9,7,3,9,49,1,11,8,0,6,2,11,42,8,1,0,9,4,1,7,0,20,2,57,0,4,1,15,0,1,3,7,13,1,5,159,2,5,2,11,0,2,1,6,1,0,0,3,1,3,4,3,2,2,2,0,5,2,5,0,0,0,6,1,1,1,0,3,5,0,4,0,0,2,21,0,7,1,3,0,7,0,1,0,1,0,3,0,0,0,1,2,1,3,2,1,0,0,0,1,7,0,4,5,2,3,0,0,4,1,2,0,2,1,0,1,0,1,0,1,2,0,0,0,1,3,4,0,2,1,3,0,1,2,0,1,0,0,0,0,1,1,0,0,1,0,0,0,0,0,1,7,0,1,1,1,0,1,0,0,0,2,3,4,0,0,0,0,0,2,1,0,3,1,4,0,0,0,0,1,0,0,3,0,1,1,0,5,0,0,1,0,2,2,1,0,0,1,0,1,2,0,0,0,1,0,0,1,0,1,0,1,0,1,0,0,0,1,0,0,0,0,0,0,0,0,0,2,2,1,1,0,0,0,1,0,0,2,6,0,0,0,1,1,0,0,0,0,1,0,0,0,0,0,0,0,0,0,0,1,0,0,0,0,11,0,0,0,1,0,0,1,0,0,0,0,0,0,1,1,0,0,0,0,0,0,0,0,0,0,3,1,0,0,0,0,0,0,0,8,0,0,0,0,1,0,0,0,0,0,0,1,0,0,0,0,0,0,0,0,0,0,0,0,0,0,0,0,0,0,0,0,0,0,0,0,0,0,0,0,0,0,0,0,1,0,0,0,0,0,1,0,0,0,0,0,0,0,0,0,0,0,0,0,0,0,0,0,0,0,0,2,0,0,0,0,0,0,3,0,0,0,0,0,0,0,0,1,0,0,0,0,0,0,0,0,0,0,0,0,0,0,0,0,0,0,0,0,0,0,0,0,0,0,0,0,0,0,0,0,0,1,1,0,0,0,0,0,0,0,0,0,0,0,0,0,0,0,0,0,0,0,0,0,0,0,0,0,0,0,0,0,0,0,0,0
128_P1,45,131,136,27404,13464,581,37,10,410,6,13,23,454,1483,1,65,1043,0,17,198,0,0,1,1037,395,2,3,49,95,1,23,6,147,90,0,0,1,3,174,0,0,0,66,0,418,0,16,189,75,38,63,0,5,2,87,2,8,15,3,2,0,0,0,0,0,7,0,0,3,15,15,15,11,0,8,0,16,2,3,3,0,10,3,64,3,0,0,0,1,1,8,1,0,3,0,3,0,2,1,10,1,3,15,1,0,0,0,7,3,3,0,7,0,1,9,2,1,11,1,2,54,1,0,0,1,0,0,1,1,13,2,3,0,1,0,1,0,0,0,8,2,5,27,0,1,0,5,3,1,2,1,0,0,0,0,0,0,0,0,4,0,0,0,2,3,1,0,2,1,0,1,1,0,3,0,2,0,1,0,1,0,0,0,0,0,0,1,0,1,0,1,1,1,0,1,0,1,0,0,1,2,0,1,1,0,0,0,0,0,3,0,1,0,0,0,1,0,1,1,1,2,0,0,1,0,1,0,0,0,0,0,1,0,1,0,0,3,1,1,2,0,0,1,0,0,0,2,0,0,0,1,0,0,1,0,0,0,0,0,0,0,0,0,1,0,0,0,0,1,2,0,2,0,1,1,0,0,0,0,0,0,0,0,0,0,0,2,0,0,0,0,0,0,0,1,0,0,0,0,0,0,0,0,0,0,0,0,0,0,0,0,0,0,0,1,0,0,0,0,0,1,0,0,0,0,0,0,1,0,0,2,1,0,0,0,0,0,0,0,0,0,0,0,0,0,0,0,0,0,0,0,0,0,0,0,0,0,0,0,0,1,0,0,0,0,0,0,0,0,0,0,1,0,0,0,0,0,0,0,0,0,0,0,0,0,0,0,0,0,1,0,1,0,0,0,0,0,0,0,0,0,0,0,0,0,0,0,0,0,0,0,0,0,0,0,0,0,0,0,0,0,0,0,0,0,0,0,0,0,1,0,0,0,0,0,0,0,0,0,0,0,0,0,0,0,0,0,0,0,0,0,0,0,0,0,0,0,0,2,0,1,0,0,0,0,1,0,0,0,0,0,0,0,0,0,0,0,0,0,0,0,0,0,0,0,0,0,0,0,0,0,0,0,0,0,0,0,0,0,0,0,0,0,0,0,0,0,0,0,0,0,0,0,0,0,0,1,0,0,0,0
128_BSL,0,11,21460,7949,714,2,18,0,360,113,5,3,11,371,0,1,5,2,1,4,2,0,6,1,1,3,21,0,4,0,0,39,1,0,2,49,0,74,5,0,0,0,1,0,0,0,1,13,8,1,0,0,2,1,2,0,5,0,0,1,0,0,0,2,0,1,2,0,5,0,1,0,4,0,0,0,0,1,1,1,0,0,1,1,0,0,0,0,1,0,2,2,0,0,0,3,0,0,0,3,0,0,0,0,0,0,0,1,1,1,0,1,1,0,2,0,0,0,0,0,0,0,0,0,0,0,1,0,0,0,0,2,0,0,1,0,0,0,1,0,1,0,0,2,0,0,0,0,0,0,0,0,0,0,0,0,0,3,0,0,0,0,0,0,0,0,0,0,0,0,0,0,0,0,0,1,0,0,0,0,0,0,0,0,0,0,0,0,0,0,0,0,0,0,1,0,0,0,0,0,0,0,0,0,0,0,0,1,0,0,0,0,0,0,0,0,0,0,0,0,0,0,0,1,0,0,0,0,0,0,0,0,0,0,0,0,0,0,0,0,0,0,0,0,0,0,0,0,0,0,0,0,0,0,0,0,0,0,0,0,0,1,0,0,0,0,0,0,0,0,0,0,0,0,0,0,0,1,0,0,0,0,0,0,0,0,0,0,0,0,0,0,0,0,0,0,0,0,0,0,0,0,0,0,0,0,0,0,0,0,0,0,0,0,0,0,0,0,0,0,0,0,0,0,0,0,0,0,0,0,0,0,0,0,0,0,0,0,0,0,0,0,0,0,0,0,0,0,0,0,0,0,0,0,0,0,0,0,0,0,0,0,0,0,0,0,0,0,0,0,0,0,0,0,0,0,0,0,0,0,0,0,0,0,0,0,0,0,0,0,0,0,0,0,0,0,0,0,0,0,0,0,0,0,0,0,0,0,0,0,0,0,0,0,0,0,0,0,0,0,0,0,0,0,0,0,0,0,0,0,0,0,0,0,0,0,0,0,0,0,0,0,0,0,0,0,0,0,0,0,0,0,0,0,0,0,0,0,0,0,0,0,0,0,0,0,0,0,0,0,0,0,0,0,0,0,0,0,0,0,0,0,0,0,0,0,0,0,0,0,0,0,0,0,0,0,0,0,0,0,0,0,0,0,0,0,0,0,0,0,0,0,0,0,0,0,0,0,0,0,0
128_EX1,0,24,661,6948,3534,92,1135,14,392,469,1,17,251,451,0,4,186,21628,4,196,42,0,28,906,0,352,6,22,5,62,2,184,7,10,100,0,0,40,140,0,0,2,6,0,31,1,13,19,18,1,0,0,2,8,0,2,0,2,39,5,0,0,0,293,0,1,4,1,2,0,3,4,2,0,0,35,4,6,0,0,0,0,4,3,0,4,1,1,3,1,4,1,0,0,0,4,7,0,0,1,0,17,3,0,0,0,0,3,0,1,0,1,1,0,2,1,6,1,0,1,0,1,1,0,4,4,0,2,0,2,1,2,0,1,1,0,0,0,0,0,1,4,1,3,0,0,1,0,0,1,0,0,0,0,0,2,0,0,1,1,24,0,0,0,1,5,0,1,1,2,1,0,0,2,1,1,6,1,0,2,0,0,1,0,1,11,0,1,2,2,0,1,0,0,0,0,0,0,24,0,0,0,1,0,0,1,0,0,0,0,1,0,0,0,0,0,0,0,0,1,5,0,0,0,0,2,0,0,1,0,2,0,0,1,0,0,0,0,0,0,0,0,0,0,0,0,0,1,0,0,0,0,0,0,0,0,0,0,0,0,0,0,1,0,0,0,0,0,1,0,0,0,0,5,0,0,2,0,0,0,0,0,0,0,5,0,0,0,0,0,0,0,0,0,1,0,0,0,1,0,0,10,0,0,0,0,0,0,0,0,0,1,1,0,0,0,0,0,0,0,2,0,0,0,0,0,2,0,0,0,0,0,0,0,2,0,1,0,0,0,0,0,0,1,1,0,1,0,0,1,0,0,0,0,0,0,1,0,0,0,0,0,0,0,0,0,0,0,1,0,0,0,0,0,0,0,0,0,0,0,0,0,0,0,1,0,5,0,0,0,0,1,0,0,0,0,0,0,0,0,0,0,0,0,0,0,0,0,0,0,0,1,1,0,0,2,0,0,0,0,1,0,0,0,0,0,0,0,0,0,0,0,0,0,0,0,0,1,0,0,0,0,0,0,0,0,0,0,0,0,0,0,0,0,0,0,0,0,0,0,0,0,0,0,0,0,0,0,0,0,0,0,0,0,0,0,0,0,0,0,0,0,0,0,0,0,0,0,0,0,0,0,0,0,0,0,0,1,0,0,0,0,0,0,0,0,0,0,0,0,0,0,0,0,0,0,0,0,0,0,0
169_BSL,0,29765,15,5387,9045,33,950,0,210,745,5,2,10,256,1,9,176,4,2,242,1,2,77,13,820,38,1,2,75,108,6,39,2,0,23,0,38,3,12,0,88,1,20,2,6,40,0,2,24,0,1,0,9,7,0,0,2,9,1,5,0,0,0,13,0,4,1,1,3,1,0,3,7,0,1,0,10,0,1,0,0,0,0,4,0,0,0,0,0,1,1,0,4,0,0,2,0,0,2,0,0,3,1,0,0,1,5,2,3,1,0,1,4,1,1,3,1,2,0,1,13,8,0,0,2,0,0,0,1,0,1,0,1,1,1,0,0,0,1,0,0,4,1,0,0,6,3,0,0,4,1,0,0,2,0,0,0,0,3,1,1,0,0,0,1,0,0,2,1,2,0,0,0,0,1,0,0,0,1,0,0,0,0,0,1,0,2,0,0,0,2,0,0,0,1,2,0,0,0,0,0,0,1,1,4,0,0,0,0,0,0,0,2,0,0,0,0,0,0,0,0,0,2,0,0,0,0,0,0,0,0,0,1,0,1,1,1,0,0,0,0,0,0,0,0,0,0,0,0,0,0,0,0,0,0,1,0,0,0,0,0,0,0,0,1,1,1,0,0,0,0,1,0,0,0,0,0,0,0,0,0,0,0,0,0,0,0,0,0,0,0,0,0,0,0,0,0,0,0,0,0,0,0,0,0,0,0,0,0,0,0,0,0,0,0,0,0,0,0,0,0,0,0,0,1,0,0,0,0,0,0,0,0,0,0,0,0,0,0,0,0,0,0,0,0,0,0,0,0,0,0,0,0,0,0,0,0,0,0,0,0,0,1,0,0,0,0,0,0,0,0,0,0,0,0,0,0,0,0,0,0,0,0,0,0,0,0,0,0,0,0,0,0,0,0,0,0,0,0,0,0,0,0,0,0,0,0,0,0,0,0,0,0,0,0,0,0,0,0,0,0,0,0,0,0,0,0,0,0,0,0,0,0,0,0,0,0,0,0,0,0,0,0,0,0,0,0,0,0,0,0,0,0,0,0,0,0,0,0,0,0,0,0,0,0,0,0,0,0,0,0,0,0,0,0,0,0,0,0,0,0,0,0,0,0,0,0,0,0,0,0,0,0,0,0,0,0,0,0,0,0,0,0,0,0,0,0,0,0,0,0,0,0,0,0,0,0,0,0,0,0
169_EX1,1,25526,4,393,6214,7,6,0,53,0,1,3,3,281,0,4,1,0,0,5,0,0,2,24,0,0,0,0,105,0,2,0,5,0,0,0,0,0,5,0,0,0,0,0,21,1,0,31,21,0,0,0,0,0,0,0,1,5,0,0,18,0,0,0,0,2,1,7,0,0,0,3,0,0,5,0,12,0,0,0,0,0,1,4,1,0,0,0,0,0,0,1,6,0,0,2,1,0,0,1,0,1,3,0,0,0,3,3,2,0,0,0,3,1,0,1,0,0,0,0,2,3,0,0,1,1,0,4,0,0,0,0,0,2,0,0,0,0,0,1,0,2,1,0,0,3,0,1,0,1,1,0,0,0,0,0,0,0,0,1,0,0,0,0,0,0,0,0,0,0,0,0,0,0,0,1,0,0,1,0,0,1,0,0,0,1,0,0,0,0,0,0,0,0,0,0,0,0,1,0,0,0,1,0,0,0,0,0,0,0,0,0,0,0,0,0,0,0,0,0,0,0,1,0,0,0,1,0,0,0,0,0,0,0,0,0,1,0,0,1,0,0,0,0,0,0,0,0,0,0,0,0,0,0,0,0,1,0,0,0,0,0,0,0,0,1,0,0,0,0,0,0,0,0,0,0,0,0,0,0,0,0,0,0,0,0,0,0,0,0,0,0,0,0,0,0,0,0,0,0,0,0,0,1,0,0,0,0,0,0,0,0,0,0,0,0,0,0,0,0,0,0,0,0,0,0,0,0,0,0,0,0,0,0,0,0,0,0,0,0,0,0,0,0,0,0,0,0,0,0,0,0,0,0,0,0,0,0,0,0,0,0,0,0,0,0,0,0,0,0,0,0,0,0,0,0,0,1,0,0,0,0,0,0,1,0,0,0,0,0,0,0,0,0,0,0,0,0,0,0,0,0,0,0,0,0,0,0,0,0,0,0,0,0,0,0,0,0,0,0,0,0,0,0,0,0,0,0,0,0,0,0,0,0,0,0,0,0,0,0,0,0,0,0,0,0,1,0,0,0,0,0,0,0,1,0,0,0,0,0,0,0,0,0,0,0,0,0,0,0,0,0,0,0,0,0,0,0,0,0,0,0,0,0,0,0,0,0,0,0,0,0,0,0,0,0,0,0,0,0,0,0,0,0,0,0,0,0,0,0,0,0,0,0,0,0,0,0,0,0,0
169_P1,0,51057,223,1204,2666,103,7,1,399,60,0,0,1,96,1,2,12,2,0,34,0,7,41,15,1,0,1,3,47,71,4,0,3,5,2,0,0,21,69,0,3,0,27,0,5,2,11,2,8,0,1,1,2,4,0,0,4,2,0,3,0,0,0,0,12,1,0,15,1,0,0,0,0,0,2,0,0,1,0,1,0,2,0,0,0,0,2,0,0,1,3,1,10,0,0,2,1,0,0,1,0,2,0,0,0,0,2,0,5,0,0,0,4,0,1,1,0,0,0,0,0,7,1,4,0,0,1,4,0,0,0,0,1,3,0,0,0,0,0,0,0,1,1,0,0,2,1,2,0,1,1,0,0,0,0,0,0,0,0,1,0,0,0,0,1,0,0,0,0,1,0,0,0,0,0,1,0,1,0,0,0,2,0,2,0,0,0,0,0,0,0,0,1,5,0,0,0,0,0,0,0,0,0,0,1,0,0,0,0,0,0,0,0,0,0,0,0,0,1,1,0,0,3,0,0,0,0,0,0,0,1,0,0,0,0,0,0,0,0,0,0,1,1,0,0,0,0,0,0,0,0,2,1,0,0,0,0,0,1,0,0,0,0,0,0,0,0,0,0,0,0,0,0,0,0,0,0,0,0,0,1,0,0,0,0,0,0,0,0,0,0,0,0,0,0,0,0,0,0,0,0,0,0,0,0,0,0,1,0,0,0,1,0,0,0,0,0,0,0,0,0,0,0,0,1,0,0,0,0,0,0,0,0,0,0,0,0,0,0,0,0,0,0,0,0,0,0,0,0,0,0,0,0,0,0,0,0,0,0,0,0,0,0,0,0,0,0,0,0,0,0,0,0,0,0,0,1,0,0,0,0,0,0,0,0,0,0,0,0,1,0,0,0,0,0,0,0,0,0,0,0,0,0,0,0,0,0,0,0,0,0,0,0,0,0,0,0,0,0,0,0,0,0,0,0,0,0,0,0,0,0,0,0,0,0,0,0,0,0,0,0,0,0,0,0,0,0,0,0,0,0,0,0,0,0,0,0,0,0,0,0,0,0,0,0,0,0,0,0,0,0,0,0,0,0,0,0,0,0,0,0,0,0,0,0,0,0,0,0,0,0,0,0,0,0,0,0,0,0,0,0,0,0,0,0,0,0,0,0,0,0,0,0,0,0,0,0,0,0,0,0
205_BSL,0,49,15,14,7,0,1,1,3,1,1,0,0,1,0,0,1,0,0,0,0,0,0,0,0,1,0,0,1,4,0,0,0,0,0,0,0,1,0,0,0,0,0,0,0,0,0,0,1,0,0,0,1,0,0,0,0,1,0,0,0,0,0,0,0,1,1,0,0,0,1,0,0,0,0,0,0,0,0,0,0,0,0,0,0,0,0,0,0,0,0,0,0,0,0,1,0,0,0,0,0,0,0,0,0,0,1,0,0,0,0,0,0,0,0,0,1,0,0,0,0,0,0,0,0,0,0,0,0,0,0,0,0,0,0,0,0,0,0,0,0,0,0,0,0,0,2,0,0,0,0,0,0,0,0,0,0,0,0,0,0,1,0,0,0,0,0,0,0,0,0,0,0,0,0,0,0,0,0,0,0,0,0,1,0,0,0,0,0,0,0,0,0,0,0,0,0,0,0,0,0,0,0,0,0,0,0,0,0,0,0,1,0,0,0,0,0,0,0,0,0,0,0,0,0,0,0,0,0,0,0,0,0,0,0,0,0,0,0,0,0,0,0,0,0,0,0,0,0,0,0,0,0,0,0,0,0,0,0,0,0,0,0,0,0,0,0,0,0,0,0,0,0,0,0,0,0,0,0,0,0,0,0,0,0,0,0,0,0,0,0,0,0,0,0,0,0,0,0,0,0,0,0,0,0,0,0,0,0,0,0,0,0,0,0,0,0,0,0,0,0,0,0,0,0,0,0,0,0,0,0,0,0,0,0,0,0,0,0,0,0,0,0,0,0,0,0,0,0,0,0,0,0,0,0,0,0,0,0,0,0,0,0,0,0,0,0,0,0,0,0,0,0,0,0,0,0,0,0,0,0,0,0,0,0,0,0,0,0,0,0,0,0,0,0,0,0,0,0,0,0,0,0,0,0,0,0,0,0,0,0,0,0,0,0,0,0,0,0,0,0,0,0,0,0,0,0,0,0,0,0,0,0,0,0,0,0,0,0,0,0,0,0,0,0,0,0,0,0,0,0,0,0,0,0,0,0,0,0,0,0,0,0,0,0,0,0,0,0,0,0,0,0,0,0,0,0,0,0,0,0,0,0,0,0,0,0,0,0,0,0,0,0,0,0,0,0,0,0,0,0,0,0,0,0,0,0,0,0,0,0,0,0,0,0,0,0,0,0,0,0
205_EX1,4,15025,26,12704,925,101,8,3,52,178,9,2,0,306,0,22,0,1,0,5,1,1416,0,0,0,44,3,21,0,3,0,4,2,0,0,0,0,2,0,0,0,2,473,0,0,0,0,3,5,0,0,0,0,5,0,3,0,3,1,50,0,0,0,0,0,1,0,0,1,0,0,14,6,0,0,0,0,0,0,1,0,0,1,0,0,0,0,0,0,0,5,0,1,1,0,0,0,0,1,1,1,3,0,2,0,0,1,0,2,0,0,0,2,0,0,1,1,0,0,1,5,3,0,0,1,1,0,5,0,2,0,0,0,0,0,1,0,0,0,0,0,0,1,0,0,1,7,0,0,2,1,0,0,0,0,0,0,0,0,0,0,1,0,0,0,0,0,0,0,0,0,0,0,0,1,0,0,0,0,0,0,7,0,1,0,0,0,0,0,0,1,0,0,1,1,0,0,0,0,0,0,0,0,0,2,0,0,0,0,0,0,0,2,0,0,0,1,0,0,0,0,0,0,0,0,0,0,0,0,0,0,0,1,0,0,0,0,0,0,0,0,1,0,0,0,4,0,0,1,0,0,0,0,0,0,3,0,0,0,0,0,0,0,0,1,0,0,0,0,0,0,0,1,0,0,0,0,0,0,0,0,0,0,1,0,0,0,0,0,0,0,0,0,0,0,0,0,0,0,1,0,0,1,0,0,0,0,0,0,0,0,0,0,0,1,1,0,0,0,0,0,0,0,0,0,0,0,0,0,0,0,0,0,0,0,0,0,2,0,1,0,0,0,0,0,0,0,0,0,0,0,0,0,0,0,1,0,0,0,0,0,0,0,0,0,0,0,0,0,0,0,0,0,0,0,0,0,0,0,0,0,0,0,0,0,0,0,0,0,0,0,0,0,0,1,0,0,0,0,0,0,0,0,0,0,0,0,0,0,0,0,0,0,0,0,0,0,0,0,0,0,0,0,0,0,0,0,0,0,0,0,0,0,0,0,0,0,0,0,0,0,0,0,0,0,0,0,0,0,0,0,0,0,0,0,0,0,0,0,0,0,0,0,0,0,0,0,0,0,0,0,0,0,0,0,0,0,0,0,0,0,0,0,0,0,0,0,0,0,0,0,0,0,0,0,0,0,0,0,0,0,0,0,0,0,0,0,0,0,0,0,0,0,0,0,0,0,0,0,0,0
205_P1,0,37040,14,9851,5666,81,7,9,1778,66,4037,1,2,203,2,2,3,8,0,13,1,53,0,0,0,8,2,0,7,81,1,4,565,0,351,0,0,4,0,0,0,2775,159,0,0,69,1,5,20,0,0,2,0,4,0,1,2,3,18,0,1,0,0,0,0,1,11,0,3,1,0,3,5,0,0,2,3,0,6,0,469,0,2,2,0,0,1,26,0,6,3,0,0,0,0,1,15,1,0,1,0,6,0,5,0,0,10,1,8,0,0,1,4,0,0,0,2,0,0,2,4,6,0,0,2,3,0,14,0,6,0,1,1,3,0,1,0,0,2,0,0,0,1,0,1,3,0,2,0,5,1,0,0,0,0,4,0,0,0,0,2,0,0,0,2,0,0,5,1,1,1,1,0,0,0,0,0,2,1,0,3,25,0,2,0,1,1,0,1,1,0,0,0,0,0,4,1,0,0,0,0,0,1,0,0,0,0,0,0,1,0,0,0,0,0,0,0,0,0,0,0,0,0,0,1,1,0,0,0,0,1,0,0,0,0,0,0,0,0,0,0,1,1,0,0,0,2,0,0,0,0,0,1,0,0,1,1,0,0,0,2,1,0,0,3,2,0,0,1,0,0,0,0,0,0,0,0,1,0,0,0,0,1,0,0,0,1,0,0,0,0,0,0,0,0,2,0,0,0,0,0,0,0,0,0,0,0,0,0,0,0,0,0,1,0,0,0,0,0,0,0,0,0,0,0,0,0,0,0,0,0,0,0,0,0,0,0,0,0,0,0,0,0,0,0,0,0,0,1,0,0,0,0,0,0,1,0,0,0,0,0,0,0,0,0,2,0,0,1,0,0,0,0,1,0,0,0,0,0,0,0,0,0,0,0,0,0,0,0,1,1,0,0,0,0,0,0,0,0,0,0,0,0,0,0,0,0,0,0,1,0,0,0,0,0,0,0,0,1,0,0,0,0,0,0,0,0,0,0,0,0,0,0,0,0,0,0,0,0,2,0,0,0,0,0,0,0,1,0,0,0,0,0,0,0,0,0,0,0,0,0,0,0,0,0,0,0,0,0,0,0,0,0,1,0,0,0,0,0,0,0,0,0,0,0,0,0,0,0,0,0,0,0,0,0,0,0,0,0,0,0,0,0,0,0,0,0,0,0,0,0,0,0,0,0,0,0,0,0,0,0
217_BSL,0,20,18,6170,1794,54,679,1,2749,1358,9,13,464,301,1,0,66,11,6,75,25,0,12,145,31,107,0,9,37,136,0,24,52,0,60,0,3,1,21,0,4,1,2,35,35,45,147,5,19,0,31,0,15,10,123,0,0,5,14,1,1,34,0,2,0,0,11,0,0,0,21,4,4,0,2,14,2,0,10,1,0,0,1,4,0,6,7,1,0,0,1,0,0,0,0,1,6,0,0,2,0,1,1,0,0,0,1,1,1,0,0,0,0,0,1,0,0,19,1,2,0,0,0,0,1,0,0,0,0,2,0,0,5,0,0,0,6,0,0,1,4,0,0,0,1,0,0,1,0,3,0,0,0,1,10,1,0,0,0,1,2,0,0,0,0,1,0,0,0,0,0,0,3,0,0,1,0,0,0,1,0,0,0,0,1,0,0,0,0,0,1,0,0,0,0,0,0,0,0,0,0,0,0,0,0,0,0,0,0,0,1,0,0,0,0,0,0,1,0,1,1,0,0,0,0,0,0,0,0,0,1,0,0,0,0,0,1,0,0,1,0,0,0,0,0,0,0,0,1,0,0,0,0,0,1,0,0,1,0,0,0,0,0,0,0,1,0,0,0,0,1,0,1,0,0,0,0,0,1,1,0,0,1,0,1,0,0,0,0,0,1,3,0,0,0,0,0,0,0,0,0,0,0,0,0,0,0,0,0,1,0,0,0,0,0,0,0,0,0,0,1,0,0,0,0,0,0,0,0,0,0,0,0,0,0,0,0,0,0,0,0,0,0,0,0,0,0,0,0,0,0,0,0,0,0,0,0,0,0,0,0,0,0,0,0,0,0,0,1,0,0,1,0,0,0,0,0,0,0,0,0,0,0,0,0,0,0,0,0,0,0,0,0,0,0,0,0,0,0,0,0,0,0,0,0,0,0,0,0,0,0,0,0,0,0,0,0,0,0,0,0,0,0,0,0,0,0,0,0,0,0,0,0,0,0,0,0,0,0,0,1,0,0,0,0,0,0,0,0,0,0,0,0,0,0,0,0,0,0,0,0,0,0,0,0,0,0,0,0,0,0,0,0,0,0,0,0,0,0,0,0,0,0,0,0,0,0,0,0,0,0,0,0,0,0,0,0,0,0,0,0,0,0,1,0,0,0,0,0,0,0,0,0,0,0,0,0,0,0,0,0
217_EX1,79,66,27770,24729,1728,346,453,5,11,1001,7,16,3126,2336,0,79,234,1,606,7,158,1,2,133,306,80,47,2,22,1,44,96,319,126,1,103,3,157,33,0,1,12,4,4,657,1,64,29,26,0,133,1,15,11,93,1,18,112,2,6,0,73,0,2,2,8,0,22,27,2,33,12,20,0,19,0,0,1,0,3,0,0,7,11,5,2,0,0,0,2,15,9,0,7,0,8,1,1,2,9,0,2,0,0,0,0,4,8,2,5,0,0,1,2,2,3,3,9,5,0,0,5,0,3,1,2,0,1,3,4,3,1,0,0,0,1,0,0,2,2,7,3,0,5,0,4,2,0,0,2,3,0,0,0,8,1,0,2,2,2,0,4,0,1,2,0,0,0,0,0,1,2,1,1,0,6,0,4,0,0,0,0,0,1,0,0,2,0,0,17,0,2,1,3,1,0,1,0,0,0,1,0,1,0,1,0,7,0,0,0,1,4,2,0,0,2,0,0,0,0,0,1,1,3,0,0,0,0,2,0,1,6,0,2,0,0,0,0,0,2,0,2,1,0,0,0,0,0,1,2,0,0,0,2,0,0,0,0,6,0,1,2,0,1,0,0,1,0,0,1,0,2,0,1,0,0,0,0,0,0,1,0,1,0,0,0,0,0,0,0,0,0,0,1,1,0,0,0,0,0,0,1,0,0,1,0,0,0,0,0,0,0,0,0,0,0,0,0,0,0,0,0,1,0,0,0,0,0,0,0,0,0,0,0,0,0,0,0,0,0,0,0,0,1,0,0,0,0,0,0,0,0,2,0,0,0,0,0,0,0,0,0,0,1,0,0,1,0,0,0,0,0,0,0,0,0,0,0,0,1,0,0,0,0,1,0,0,0,0,0,0,0,0,0,1,0,4,0,0,1,0,0,0,0,0,0,0,0,0,1,0,0,0,0,0,0,0,0,0,0,0,0,0,0,0,0,0,0,0,2,0,0,0,0,0,0,0,0,0,0,0,0,0,0,0,0,0,0,0,0,0,0,0,0,0,0,0,0,0,0,0,0,0,0,0,0,0,0,0,0,0,0,0,0,0,1,1,0,0,0,0,0,0,0,0,0,0,0,0,0,0,0,0,0,0,0,0,0,0,0,0,0,0,0,0,0,0,0,0,0,0,0,0,0,0,0,0,0,0,0,0
217_P1,2,564,529,49502,793,208,1032,44,3020,7610,11,0,1294,878,1,24,87,0,68,0,804,172,0,53,293,26,2,18,26,245,22,9,16,3,75,26,9,10,28,0,17,32,9,0,37,24,92,20,28,0,9,13,73,94,31,1,8,36,33,1,3,4,0,0,10,4,20,22,1,3,20,39,28,0,3,9,1,52,8,2,0,4,15,2,0,0,7,0,0,0,19,2,2,4,1,6,12,16,0,15,0,20,0,0,0,20,4,3,3,5,0,4,3,0,8,1,3,5,2,4,0,4,0,1,2,0,0,0,3,4,2,0,0,1,39,1,54,0,1,1,1,3,0,2,4,1,7,0,1,0,2,3,0,1,5,6,0,0,2,0,1,1,0,0,0,1,0,4,1,1,0,0,1,0,6,2,1,2,2,0,0,0,0,0,0,0,0,0,0,1,1,0,1,4,3,0,0,0,0,0,0,0,0,0,1,0,0,4,0,1,2,0,1,0,0,0,0,0,1,0,3,0,0,1,4,1,1,0,0,0,1,0,0,3,0,1,0,1,0,0,0,0,0,0,0,0,0,0,0,2,0,0,0,0,0,0,0,1,1,2,0,1,0,0,0,1,0,3,0,1,0,1,1,0,0,0,0,1,2,1,0,0,0,0,0,0,0,0,0,0,0,0,0,0,1,0,0,0,0,0,0,0,0,0,0,0,0,0,0,1,0,2,0,0,0,0,0,0,0,0,0,1,0,0,0,0,0,0,0,0,0,1,0,1,0,0,0,0,0,0,0,0,0,0,1,6,0,0,1,0,0,0,0,1,0,0,0,0,0,0,0,1,0,0,0,0,0,0,0,0,0,0,0,0,0,0,0,0,0,0,0,0,0,0,0,0,0,0,0,0,0,0,0,0,0,0,0,0,0,0,0,0,0,0,0,0,0,0,0,0,0,0,0,0,0,0,0,0,0,0,0,0,0,0,0,0,0,0,0,0,0,0,0,0,0,0,0,0,0,0,0,0,0,0,0,0,0,0,0,0,0,0,0,0,0,1,0,0,0,0,0,0,0,0,0,0,0,0,0,0,0,0,0,0,0,0,0,0,0,0,0,0,0,0,0,0,0,0,0,0,0,0,0,0,0,0,0,0,0,0,0,0,0,0,0,0,0,0,0,0,0,0,0,0,0,0,0,0,0,0,0
252_BSL,44,6103,32630,11100,3995,781,4492,157,599,442,2,324,1681,121,1,25,1216,254,161,692,1681,0,37,1017,139,102,27,1,10,0,4,2,139,331,2,133,766,150,27,0,0,8,8,0,194,7,6,3,24,0,189,0,9,1,4,2,7,2,2,0,4,61,0,130,0,4,3,0,12,10,1,3,9,0,14,6,0,1,2,2,2,45,6,4,0,0,0,9,2,1,1,5,1,0,0,6,0,1,3,4,11,0,26,1,0,0,3,1,1,0,0,1,0,1,10,1,1,1,1,2,0,0,0,2,4,0,0,3,2,1,0,0,1,1,0,1,0,0,1,19,2,1,0,3,0,1,3,0,0,3,0,0,0,3,0,1,0,2,0,2,0,1,0,0,0,1,0,0,5,1,0,0,0,5,0,0,0,0,1,1,2,1,0,2,0,0,3,0,0,2,0,0,0,0,0,1,0,0,0,0,2,0,1,0,0,0,0,0,0,2,1,1,0,0,0,0,0,0,2,1,1,0,0,0,0,0,0,0,1,0,0,1,0,2,0,1,0,1,1,0,1,0,0,0,0,0,0,0,0,0,1,0,0,0,0,0,1,0,1,0,0,0,0,0,1,0,0,0,1,0,1,0,0,0,1,0,0,0,3,0,1,0,1,0,1,0,0,0,0,0,0,1,0,0,0,0,0,0,0,0,0,1,0,0,0,0,0,0,0,0,0,0,1,0,0,0,0,0,0,0,0,0,0,0,0,0,0,0,0,0,0,0,0,0,0,0,0,0,0,0,0,0,1,0,0,0,1,0,0,0,0,0,0,0,0,0,0,0,0,0,0,0,3,0,0,0,0,1,0,0,0,0,0,0,0,0,0,0,0,0,0,0,0,0,0,1,0,1,0,0,0,0,0,0,0,0,0,0,0,0,0,0,0,0,0,0,0,0,0,0,0,0,0,0,0,0,0,0,0,0,0,0,0,0,0,0,0,0,0,0,0,0,0,0,0,0,0,0,0,0,0,0,0,0,0,0,0,0,0,0,0,0,0,0,0,0,0,0,0,0,0,0,0,0,0,0,0,0,0,0,0,0,0,0,0,0,0,0,0,0,0,0,0,0,0,0,0,0,0,0,0,0,0,0,0,0,0,0,0,0,0,0,0,0,0,0,0,0,0,0,0,0,0,0,0,0,0,0,0,0,0
252_EX1,1,4400,43948,15117,3106,186,918,34,923,793,26,24,2,55,1,6,258,98,15,178,216,0,14,138,33,33,25,1,7,0,2,1,27,0,0,156,73,200,4,0,0,24,0,0,58,5,1,3,12,0,15,0,12,13,4,0,9,2,6,0,1,18,0,52,1,7,6,0,5,5,0,7,5,0,2,6,2,0,3,2,0,0,6,0,3,0,2,2,0,0,3,2,0,2,0,10,0,0,1,6,0,0,7,1,0,0,3,2,0,2,0,0,2,0,4,0,0,0,0,2,0,0,0,0,1,2,0,3,0,1,0,1,3,3,0,0,0,0,1,4,0,1,0,8,0,1,0,0,0,0,0,1,0,0,0,1,0,4,0,0,0,1,0,0,1,0,0,0,1,1,0,0,0,1,2,0,0,1,0,0,0,0,1,1,0,0,1,0,1,0,0,1,0,1,2,0,0,0,0,0,0,0,0,0,0,1,0,0,0,2,0,1,0,0,0,0,0,0,0,0,0,0,0,0,0,0,0,0,0,0,0,0,1,0,0,1,0,0,0,0,0,0,0,0,0,0,0,0,0,0,0,0,0,2,0,0,0,0,0,0,0,0,0,0,0,2,0,0,1,0,2,0,0,0,0,0,0,0,0,0,0,0,0,0,0,0,0,0,0,0,0,0,0,0,0,0,0,0,1,0,0,0,0,0,0,0,0,0,0,0,0,0,0,0,0,0,0,0,0,0,0,0,0,0,1,0,0,0,0,0,0,0,0,0,0,0,0,0,0,0,0,0,0,0,0,0,0,0,0,0,0,0,0,0,0,0,0,0,0,0,0,0,0,0,0,0,0,0,0,0,0,0,0,0,0,0,0,0,0,0,0,0,0,0,1,0,0,0,0,0,1,0,0,0,0,0,0,0,0,0,0,0,0,0,0,0,0,0,0,0,0,0,0,0,0,0,0,0,0,0,0,0,0,0,0,1,0,0,1,1,0,0,0,0,0,0,0,0,0,0,0,0,0,0,0,0,0,1,0,0,0,0,0,0,0,0,0,0,0,0,0,0,0,0,0,0,0,0,0,0,0,0,0,0,0,0,0,0,0,0,1,0,0,0,0,0,0,0,0,0,0,0,0,0,0,0,0,0,0,0,0,0,0,0,0,0,0,0,0,0,0,0,0,0,0,0,0,0,0,0,0
252_P1,0,19,32787,12047,973,854,1112,11,121,1268,0,26,202,162,0,0,598,161,2,205,229,4,11,172,370,34,21,13,35,13,0,5,32,2,32,104,110,220,42,0,0,6,1,0,35,21,70,1,7,0,29,0,18,24,11,4,4,1,1,5,0,17,0,70,7,3,0,2,7,2,9,0,6,0,2,3,50,2,0,2,0,0,2,1,0,0,0,6,4,0,0,0,0,2,0,3,0,0,0,3,0,1,0,0,0,0,3,0,0,3,0,0,0,2,2,0,0,5,1,0,0,1,0,3,0,0,0,0,0,0,0,0,0,0,1,2,0,2,0,3,1,1,2,1,0,2,0,1,0,0,0,0,0,0,0,0,0,3,0,0,0,0,0,0,0,0,0,0,1,0,0,0,0,2,1,1,0,0,0,0,0,0,0,0,0,2,0,0,1,0,0,0,0,0,0,0,0,0,0,0,0,0,0,0,1,1,0,0,0,1,0,0,1,0,0,0,2,1,0,1,0,0,0,1,0,0,0,1,0,0,0,0,1,0,0,0,0,0,0,0,0,0,0,0,0,0,0,0,0,0,0,0,0,0,0,0,0,1,0,0,0,0,0,0,0,2,0,1,0,0,0,0,0,0,0,0,1,1,0,0,0,0,0,0,0,0,0,0,0,3,0,0,0,0,0,0,0,0,0,0,0,0,0,0,0,0,0,1,0,0,0,0,0,0,0,0,0,0,0,0,0,0,0,0,0,0,1,1,0,0,0,0,0,0,0,0,0,0,0,0,0,0,0,0,0,0,0,0,0,0,0,0,0,0,0,0,0,0,0,0,0,0,0,0,0,0,0,0,0,0,0,0,0,0,0,0,1,0,0,0,0,0,1,0,0,0,0,0,0,0,0,0,0,0,0,0,0,0,0,0,0,0,0,0,0,0,0,0,0,0,0,0,0,0,0,0,0,0,0,0,0,0,0,0,0,0,0,0,0,0,0,0,0,0,0,0,0,0,0,0,0,0,0,0,0,0,0,0,0,0,0,0,0,0,0,0,0,0,0,0,0,0,0,0,0,0,0,0,0,0,0,0,1,0,0,0,0,0,0,0,0,0,0,0,0,0,0,0,0,0,0,0,0,0,0,0,0,0,0,0,0,0,0,0,0,0,0,0,0,0,0,0,0,0,0,0,0,0,0,0,0
276_BSL,1,41,45717,5481,8606,45,6,0,367,211,0,1,17,1249,1,2,39,3,4,46,1,0,0,10,11,30,33,4,600,3,1,17,3,0,1,1,1,87,94,0,0,2,1,0,5,4,61,6,24,0,9,0,6,5,79,2,1,15,1,2,0,17,8,26,6,1,1,2,6,0,1,6,0,0,1,0,3,0,1,0,0,0,3,3,0,0,0,0,7,0,0,1,0,3,0,6,2,0,0,0,0,0,3,0,0,0,1,4,0,1,0,0,0,0,3,0,0,11,2,0,4,0,2,1,1,0,0,0,0,0,0,0,1,0,1,0,0,0,0,0,3,1,3,3,0,1,0,0,0,0,0,1,0,0,0,0,0,5,0,1,0,0,0,0,0,2,0,0,0,0,1,1,0,0,0,2,0,0,1,0,0,0,0,0,0,0,0,0,0,0,0,1,0,0,1,1,0,0,0,0,0,0,0,0,0,1,0,1,0,0,1,0,0,0,0,0,0,0,1,1,0,0,0,0,0,0,0,0,0,0,0,1,0,0,0,0,1,0,0,0,0,0,0,0,0,0,0,0,0,0,0,0,0,0,0,0,0,0,0,0,0,0,0,0,0,0,0,0,0,0,0,0,1,0,0,0,0,0,0,0,0,0,0,0,0,0,0,0,0,0,0,0,0,0,0,0,0,0,0,0,0,0,0,0,0,0,0,0,0,0,0,1,0,0,1,0,0,0,0,0,0,0,0,0,0,0,0,0,0,0,0,0,0,0,0,0,0,0,0,0,0,0,1,1,0,0,0,0,0,0,0,1,0,0,0,0,0,0,0,0,0,0,0,0,0,0,0,0,0,0,0,0,0,0,0,0,0,0,0,0,0,0,0,0,0,0,0,0,0,0,0,0,0,0,0,0,0,0,0,0,0,0,0,0,0,0,0,0,0,0,0,0,0,0,0,0,0,0,0,0,0,0,0,0,0,0,0,0,0,0,0,0,0,0,0,0,0,0,0,0,0,0,0,0,0,0,0,0,0,0,0,0,0,0,0,0,0,0,0,0,0,0,0,0,0,0,0,0,0,0,0,0,0,0,0,0,0,0,0,0,0,0,0,0,0,0,0,0,0,0,0,0,0,0,0,0,0,0,0,0,0,0,0,0,0,0,0,0,0,0,0,0,0,0,0,0,0,0,0,0,0
276_EX1,0,41,40489,6340,481,12,12,1,32,21,0,0,27,308,30,3,41,1,0,14,0,0,0,0,0,9,38,0,10,1,0,2,3,0,0,0,0,61,8,0,0,1,2,0,3,4,1,1,5,0,0,0,0,0,1,0,6,1,1,0,2,0,0,1,3,3,0,0,11,1,0,2,3,0,0,0,0,2,0,0,0,0,1,0,1,0,0,0,0,0,3,5,0,1,0,13,0,0,1,0,0,1,0,0,0,0,1,2,1,2,0,0,1,0,0,1,1,3,3,0,0,0,1,0,0,0,0,0,1,0,0,0,0,0,0,0,0,0,1,0,4,0,0,3,0,0,0,0,0,0,0,0,0,0,0,0,0,6,0,1,1,0,0,0,1,0,0,0,0,1,0,0,0,1,0,0,1,0,0,0,0,0,0,1,0,0,1,0,0,0,0,2,0,1,1,0,0,0,0,0,2,0,0,0,1,0,0,0,0,1,0,0,0,0,0,1,0,0,0,0,1,0,0,0,0,0,0,0,0,0,0,4,0,0,0,1,0,0,0,0,0,0,0,0,0,0,0,0,0,0,0,0,0,1,1,0,0,0,0,1,0,0,0,0,0,0,0,0,0,0,0,0,0,0,1,0,0,0,0,0,1,0,0,0,0,0,0,0,0,0,0,0,0,0,0,0,0,1,0,0,0,0,0,0,0,0,0,0,0,0,0,0,0,0,0,0,0,0,0,0,0,0,0,0,0,0,0,0,0,0,0,0,0,0,0,0,0,0,0,0,0,0,0,0,0,0,0,0,0,0,0,0,0,0,0,0,0,0,0,0,0,0,0,0,0,0,0,0,0,0,0,0,0,0,0,0,0,0,0,0,0,1,0,0,0,0,0,0,0,0,0,0,0,0,0,0,0,0,0,0,0,0,0,0,0,0,0,0,0,0,0,0,0,0,0,0,0,0,0,0,0,0,0,0,0,0,0,0,0,0,0,0,0,0,0,0,0,0,0,0,0,0,0,0,0,0,0,0,0,0,0,0,0,0,0,0,0,0,0,0,0,0,0,0,0,0,0,0,0,0,0,0,0,0,0,0,0,0,0,0,0,0,0,0,0,0,0,0,0,0,0,0,0,0,0,0,0,0,0,0,0,0,0,0,0,0,0,0,0,0,0,0,0,0,0,0,0,0,0,0,0
276_P1,0,31,37249,7850,5922,161,296,11,116,180,2,2,6,623,1,1,222,5,9,191,0,0,3,15,3,77,19,0,76,395,0,51,7,4,6,0,5,97,50,0,0,0,22,8,5,86,4,3,24,0,9,0,3,2,3,1,3,4,4,1,0,1,0,24,40,7,0,0,4,1,16,4,5,0,1,2,11,1,0,0,0,0,2,4,0,0,0,62,3,0,2,3,0,0,0,4,0,0,0,2,0,1,1,1,0,0,4,5,1,2,6,0,3,0,0,0,0,1,0,0,0,1,6,2,2,2,0,1,2,0,1,3,0,0,0,1,0,0,0,2,4,2,1,2,0,0,1,0,0,0,0,0,0,0,0,0,0,4,0,2,0,1,0,0,2,1,0,0,1,1,0,0,0,0,0,0,0,1,0,0,0,0,1,2,0,0,1,0,0,1,0,1,0,0,2,0,0,0,0,0,0,0,1,0,0,0,0,0,0,1,1,0,0,0,2,0,0,0,0,0,0,0,0,0,0,0,0,0,1,0,0,0,0,0,0,0,1,0,0,0,0,2,0,0,0,0,0,0,0,0,0,0,1,0,1,0,0,1,0,0,0,1,0,0,0,0,0,0,0,0,0,0,0,0,0,0,0,0,0,0,0,0,0,0,0,0,0,0,0,0,0,0,0,0,0,0,0,0,0,0,0,0,0,0,0,0,0,0,0,0,0,0,0,0,0,0,0,0,0,0,0,0,0,0,0,0,0,0,0,0,0,0,0,0,0,0,0,0,1,0,0,0,0,0,0,0,0,0,0,0,0,0,0,0,0,0,0,0,0,0,0,0,0,0,0,2,0,0,0,0,0,0,2,0,0,0,0,0,0,0,0,2,0,0,0,0,0,0,0,0,0,0,0,0,0,0,0,0,0,0,0,0,0,0,0,0,0,0,0,0,0,0,0,0,0,0,0,0,0,0,0,0,0,0,0,0,0,0,0,0,0,0,0,0,0,0,0,0,0,0,0,0,0,0,0,0,0,0,0,0,0,0,0,0,0,0,0,0,0,0,0,0,0,0,0,0,0,0,0,0,0,0,0,0,0,0,0,0,0,0,0,0,0,0,0,0,0,0,0,0,0,0,0,0,0,0,0,0,0,0,0,0,0,0,0,0,0,0,0,0,0,0,0,0,0,0,0,0,0,0,0
323_BSL,3,205,112,12215,1166,54,80,11,1170,1396,14,2,16863,455,42139,22,66,45,21,121,119,5,0,43,351,7,5,0,4,290,4,167,22,429,8,2,0,33,11,0,0,6,4,0,1,209,1,22,13,0,53,2,20,27,0,1,1,0,7,0,2,0,0,0,0,17,13,243,10,1,0,14,15,0,1,0,126,4,7,1,0,1,14,3,1,0,2,0,0,2,5,1,0,1,0,5,11,0,4,5,0,5,0,7,0,0,0,6,4,4,0,0,1,1,2,4,18,0,1,2,0,0,2,0,1,7,0,16,3,2,10,0,1,51,11,34,0,0,1,0,2,1,2,0,0,3,0,2,0,0,0,1,0,1,0,2,0,0,0,1,0,0,0,1,0,1,0,0,1,1,26,1,0,1,2,0,1,1,2,6,0,1,0,0,0,1,1,2,2,0,0,1,2,15,1,0,0,0,0,0,1,0,1,0,1,1,0,1,0,0,1,1,0,0,0,1,0,3,2,0,1,0,1,0,0,0,6,1,1,0,0,0,0,0,2,0,1,0,1,2,0,0,5,0,0,0,2,0,0,0,0,5,0,0,1,0,0,0,1,0,0,0,0,1,0,0,2,0,0,2,0,1,0,1,2,0,1,2,0,2,1,0,0,0,0,0,0,0,1,0,0,0,0,0,0,0,0,0,1,0,0,0,0,0,0,0,2,1,0,0,0,0,0,1,0,3,0,0,0,0,1,0,0,0,0,0,0,0,0,0,0,0,0,0,0,0,0,0,0,0,0,0,0,0,0,0,1,0,0,0,0,0,0,0,2,0,0,1,0,0,0,0,0,0,0,0,0,0,0,0,0,1,1,0,0,0,0,0,1,0,0,0,0,1,0,0,0,0,1,0,0,0,0,0,0,0,0,0,0,0,0,0,0,0,1,0,0,0,0,0,0,0,0,0,0,0,0,0,0,0,0,0,0,0,0,0,0,0,0,0,0,0,0,0,0,0,0,0,0,0,0,0,0,0,0,0,0,0,1,0,0,0,0,0,0,0,0,0,0,0,0,0,0,0,0,0,0,0,0,0,0,1,0,0,0,0,0,0,0,0,0,0,0,0,0,0,0,0,0,0,0,0,0,0,0,0,0,0,0,0,0,1,0,0,0,0,0,0,0,0,0,0,0,0,0,0,0,0,0,0,0
323_EX1,3,29097,12,2023,154,2,401,389,4,1,3642,6,1,169,5462,16639,0,28,0,19,0,0,0,822,1,0,2,0,0,3,79,0,6,0,3,5,1,3,2,0,0,97,47,0,0,0,4,14,4,0,0,888,1,0,0,0,0,0,3,0,23,0,0,0,0,4,0,0,6,0,1,0,0,1,1,0,42,0,0,0,0,0,2,0,3,0,0,0,0,11,1,0,7,0,0,1,0,6,0,0,0,12,0,9,0,0,1,4,2,7,0,1,4,0,0,0,1,2,1,0,0,3,0,0,24,0,0,5,0,1,1,0,0,3,26,3,0,0,0,0,5,0,0,0,1,0,0,0,0,3,0,26,0,0,0,0,0,0,0,0,1,0,0,0,0,0,5,0,0,3,2,1,0,0,1,0,0,0,0,0,0,6,1,1,1,0,0,0,1,1,0,0,1,0,0,1,1,0,0,4,1,0,0,0,0,0,0,7,0,0,0,0,0,0,0,0,2,7,0,1,0,0,1,0,0,0,1,1,0,0,0,0,0,0,0,0,1,1,0,0,0,0,1,0,0,0,0,0,0,0,0,0,0,0,2,0,1,0,1,0,3,0,0,0,0,0,0,0,0,0,0,0,0,0,0,0,0,0,0,0,1,0,0,0,0,0,0,0,0,0,0,0,0,0,0,0,0,0,0,0,0,0,0,0,0,0,0,0,0,0,0,0,0,0,0,0,0,0,0,0,0,0,0,1,0,0,0,0,0,0,0,0,0,0,0,0,0,0,0,0,0,0,0,0,0,0,0,0,0,0,0,0,1,0,0,0,0,0,0,0,0,0,1,1,0,0,0,0,0,0,0,0,0,0,0,0,0,0,0,0,0,0,0,0,0,0,0,0,0,0,0,0,0,0,0,0,0,0,0,0,0,0,0,0,0,0,0,0,0,0,0,0,0,0,0,0,0,0,0,1,0,0,0,0,0,0,0,0,0,0,0,0,0,0,0,0,0,0,0,0,0,0,0,0,0,0,0,0,0,0,0,0,0,0,0,0,0,0,0,0,0,0,0,0,0,0,0,0,0,0,0,0,0,0,0,0,0,0,0,0,0,0,0,0,0,0,0,0,0,0,0,0,0,0,0,0,0,0,0,0,0,0,0,0,0,0,0,0,0,0,0,0,0,0,0,0,0,0,0,0,0
323_P1,4,24408,12,7230,59,10,4,0,726,76,0,0,345,12,2,0,88,2,2,2,0,88,34,15,3,4,0,0,0,38,9,0,3,0,50,4,0,1,0,0,0,0,33,0,1,0,1,0,2,0,0,18,0,4,0,0,1,0,1,0,0,0,0,0,0,0,1,0,2,2,0,0,1,0,1,0,11,0,3,0,0,0,0,0,1,0,1,0,0,0,3,1,6,0,0,0,0,0,0,0,0,2,0,0,0,0,0,0,1,13,0,0,2,0,2,1,2,0,0,0,0,0,0,0,1,0,0,2,0,0,0,0,0,1,1,0,0,0,1,0,0,0,0,0,0,1,0,0,0,1,0,0,0,0,0,0,0,0,0,0,0,0,0,0,1,0,0,4,0,0,0,0,0,0,0,0,0,0,0,0,0,1,0,0,0,0,0,0,0,0,0,0,0,1,1,0,0,0,0,0,0,0,0,0,0,0,0,0,0,0,0,0,0,0,0,0,0,1,0,1,0,0,0,1,0,0,0,0,0,0,1,0,0,0,0,0,0,0,0,0,0,0,0,0,0,0,0,0,0,0,0,1,0,0,0,0,0,0,0,0,0,0,0,0,0,0,0,0,0,0,0,0,0,0,0,0,0,0,0,4,0,0,0,0,0,0,0,0,0,0,0,0,0,0,0,0,0,0,0,0,0,0,0,0,0,0,0,0,0,0,0,0,0,0,0,0,0,0,0,0,0,0,0,0,0,0,0,0,0,0,0,0,1,0,0,0,0,0,0,0,0,0,0,0,0,0,0,0,0,0,0,0,0,0,0,0,0,0,0,0,0,0,0,0,0,0,1,0,0,0,0,0,0,0,0,0,0,0,0,0,0,0,0,0,0,0,0,0,0,0,0,0,0,0,0,0,0,0,0,0,0,0,0,0,0,0,0,0,0,0,0,0,0,0,0,0,0,0,0,0,0,0,0,0,0,0,0,0,0,0,0,0,0,0,0,0,0,0,0,0,0,0,0,0,0,0,0,0,0,0,0,0,0,0,0,0,0,0,0,0,0,0,0,0,0,0,0,0,0,0,0,0,0,0,0,0,0,0,0,0,0,0,0,0,0,0,0,0,0,0,0,0,0,0,0,0,0,0,0,0,0,0,0,0,0,0,0,0,0,0,0,0,0,0,0,0,0,0,0,0,0
334_BSL,10,44656,59,7525,8626,211,32,17,319,152,14,9,9,702,5,35,28,0,0,159,2,493,0,1,1,21,1,2,180,142,9,80,0,2,1,0,0,3,0,0,187,5,238,0,0,68,29,3,37,0,0,1,8,3,9,2,2,10,6,0,0,12,0,0,0,5,0,1,2,1,31,5,4,30,2,0,9,0,0,1,0,5,4,5,2,0,0,8,5,1,4,0,21,1,178,2,2,0,0,2,2,5,4,5,0,0,5,5,5,0,0,1,13,0,0,5,0,5,0,1,0,9,1,0,0,2,1,2,0,3,0,2,0,1,1,0,0,0,3,0,5,2,0,0,0,7,0,3,0,8,3,0,0,0,0,0,0,0,2,8,0,0,0,0,0,0,0,0,1,1,0,1,0,0,1,1,2,3,0,1,9,3,0,1,0,1,2,0,1,0,0,0,0,1,0,3,0,0,0,0,0,0,2,0,2,0,0,0,0,0,1,0,0,0,0,0,0,0,0,1,0,0,2,0,0,0,3,0,2,0,2,0,1,0,2,0,0,1,0,1,0,0,0,0,0,4,0,0,0,0,0,0,0,1,1,0,1,0,0,1,0,1,0,0,2,2,0,0,0,0,0,0,0,1,0,0,0,0,1,0,0,0,0,0,0,0,0,5,0,0,0,0,0,0,0,8,2,0,0,0,0,0,0,0,0,0,1,0,0,0,0,0,0,0,0,0,0,0,0,0,0,0,0,0,1,0,0,0,0,0,0,0,1,0,0,1,0,0,0,0,0,0,0,0,0,0,0,0,0,0,0,0,0,0,0,0,0,0,0,4,1,0,0,0,0,0,0,0,0,0,0,0,1,0,0,0,0,0,1,0,0,0,1,0,0,0,0,0,0,0,0,0,0,0,2,0,0,0,0,0,0,0,0,0,0,0,0,0,0,0,0,0,0,0,0,0,0,0,0,0,0,0,0,0,0,0,0,0,0,0,0,1,0,0,0,0,0,0,0,0,0,0,0,0,0,0,0,0,0,0,0,0,0,0,0,0,0,0,0,0,0,0,0,0,0,0,0,0,0,0,0,0,0,0,0,0,0,0,0,0,0,0,0,0,0,0,0,0,0,0,0,0,0,0,0,0,0,0,0,0,0,0,0,0,0,0,0,0,0,0,0,0,0,0,0,0,0,0,0,0,0
334_EX1,71,32211,152,800,879,130,10,7,98,15,4,4,3,831,0,80,14,0,1,39,1,3,27,0,0,30,0,0,114,114,31,50,4,6,2,0,0,11,0,0,19,1,27,0,1,32,13,3,4,0,1,1,3,0,11,9,13,1,0,2,0,7,0,0,0,6,2,5,2,1,16,1,3,7,0,0,1,0,0,2,0,0,0,1,4,0,1,17,1,0,4,1,11,2,10,0,1,0,4,3,0,0,0,2,0,0,10,5,7,0,0,1,6,1,0,6,1,0,1,1,2,3,0,0,1,1,0,3,6,3,0,1,0,0,0,2,0,0,0,0,5,2,1,0,0,12,0,2,0,3,3,0,0,1,0,0,0,0,2,0,0,1,0,0,1,0,0,0,0,2,0,0,1,0,1,2,0,4,0,0,0,0,1,2,0,0,0,0,0,0,0,0,1,2,0,2,0,0,0,0,0,0,0,0,0,0,0,0,0,0,0,0,1,0,0,0,1,0,0,0,0,0,0,0,0,0,0,0,0,0,0,0,0,1,3,1,0,0,0,0,0,0,0,0,0,0,0,0,1,0,0,1,0,1,0,0,1,0,0,0,0,0,0,0,1,0,0,0,1,0,0,0,0,0,0,0,0,0,0,0,0,1,0,0,0,0,0,0,0,0,0,0,0,0,2,0,8,0,0,0,0,0,0,1,0,0,1,0,0,0,0,0,0,0,0,2,0,0,0,0,0,0,0,0,0,0,0,0,0,0,0,0,0,0,0,0,0,0,0,0,0,0,0,0,0,0,0,0,0,0,0,0,0,0,0,0,0,0,0,0,0,0,0,0,0,0,0,0,0,1,0,0,0,0,0,0,0,0,0,0,0,0,0,0,0,0,0,1,0,0,0,0,0,1,0,0,0,0,0,0,0,0,0,0,0,0,0,0,0,0,0,0,0,0,0,0,0,0,0,0,0,0,0,0,0,0,0,0,0,0,0,0,0,0,0,0,0,0,0,0,0,0,0,0,0,0,0,0,0,0,0,0,0,0,0,0,0,0,0,0,0,0,0,0,0,0,0,0,0,0,0,0,0,0,0,0,0,0,0,0,0,0,0,0,0,0,0,0,0,0,0,0,0,0,0,0,0,0,0,0,0,0,0,0,0,0,0,0,0,0,0,0,0,0,0,0,0,0,0,0,0
334_P1,46,35839,284,1837,2916,77,11,0,14,38,0,0,15,153,1,39,5,0,0,6,2,0,10,1,0,37,2,2,94,1,8,12,0,0,0,0,0,3,0,0,13,1,30,0,0,0,22,3,15,0,0,0,2,1,8,3,3,4,1,1,0,0,1,0,0,8,0,0,2,0,2,2,1,2,2,0,0,1,0,0,0,14,0,6,1,0,0,0,0,0,4,1,13,1,57,1,1,0,1,2,1,0,0,0,0,0,6,2,4,0,0,0,6,1,1,5,0,0,0,0,2,4,1,0,18,0,0,4,0,2,0,0,1,0,1,1,0,0,3,0,0,0,0,0,0,5,0,2,0,2,0,0,0,0,0,0,0,0,0,0,0,0,0,0,2,0,0,0,0,1,0,1,0,0,0,1,0,0,0,0,0,0,0,1,1,0,1,0,0,0,0,0,0,0,1,0,0,1,0,0,0,0,0,0,0,0,0,0,0,1,0,0,3,0,0,0,0,1,0,0,0,0,0,0,0,0,0,0,1,0,0,0,0,0,1,1,0,0,0,0,0,0,0,0,0,0,0,0,0,0,0,0,0,0,1,0,1,0,0,0,0,0,0,0,0,0,1,0,1,0,0,0,0,0,0,0,0,0,0,0,0,0,0,0,0,0,0,0,1,0,0,0,0,1,0,0,1,0,0,0,0,0,0,0,0,0,0,0,0,0,0,0,0,0,0,0,0,0,0,1,0,0,0,0,0,0,0,1,0,0,0,0,0,0,0,1,0,0,0,0,0,0,0,0,0,0,0,0,0,0,0,0,0,0,0,0,0,0,0,0,0,0,0,0,0,0,0,0,0,0,0,0,0,0,0,0,0,0,0,0,0,0,0,0,0,0,0,0,0,0,0,0,0,0,0,0,0,0,0,0,0,0,0,0,0,0,0,0,0,0,0,0,0,0,0,0,0,0,0,0,0,0,0,0,0,0,0,0,0,0,0,0,0,0,0,0,0,0,0,0,0,0,0,0,0,0,0,0,0,0,0,0,0,0,0,0,0,0,0,0,0,0,0,0,0,0,0,0,0,0,0,0,0,0,0,0,0,0,0,0,0,0,0,0,0,0,0,0,0,0,0,0,0,0,0,0,0,0,0,0,0,0,0,0,0,0,0,0,0,0,1,0,0,0,0,0,0,0,0,0,0
394_BSL,4,64166,33,1487,5382,31,6,0,239,78,3,1,0,660,0,10,42,0,1,211,0,0,21,0,0,49,0,0,617,737,5,71,1,0,0,0,0,0,1,0,116,0,122,0,0,138,4,29,19,0,4,0,0,1,6,1,1,4,10,1,0,2,23,0,0,4,1,0,2,0,1,2,1,61,0,0,0,0,1,0,0,0,1,1,1,0,0,1,5,0,2,1,22,2,0,0,7,0,2,0,0,1,0,0,0,0,7,5,1,0,0,0,4,0,0,5,1,0,0,0,0,5,1,1,0,2,0,4,0,2,0,0,0,0,0,1,0,0,0,0,2,3,1,1,0,3,1,1,0,5,0,0,0,0,0,1,0,0,0,3,1,0,0,0,1,0,0,0,1,0,0,0,0,2,0,0,0,1,1,0,0,2,0,1,0,1,0,0,0,0,1,2,0,0,1,1,0,0,0,1,0,0,1,0,3,0,0,0,0,1,1,0,1,0,0,0,0,1,0,0,0,2,3,0,0,0,0,0,1,0,2,0,0,0,2,0,0,0,1,0,0,0,2,0,0,0,0,1,0,0,0,2,0,0,0,0,1,0,0,0,0,0,0,0,0,0,0,0,1,0,0,0,1,0,0,0,1,0,0,1,0,0,0,0,0,0,0,0,0,0,0,0,0,0,0,0,0,0,0,0,0,0,0,0,0,0,0,1,0,0,0,0,0,0,0,0,0,0,0,0,0,0,0,0,0,0,0,0,0,0,0,0,0,0,0,0,2,0,0,0,0,0,3,0,0,0,0,0,0,0,0,0,0,0,0,0,0,0,0,0,0,0,0,0,0,0,0,0,0,0,0,0,0,0,0,0,0,0,0,0,0,0,0,0,0,0,0,0,0,0,0,0,0,0,0,0,0,0,0,0,0,0,0,0,0,0,0,0,0,1,3,0,0,0,0,0,0,0,0,0,0,0,0,0,0,0,0,0,0,0,0,0,0,0,1,0,0,0,0,0,0,0,0,0,0,0,0,0,0,0,0,0,0,0,0,0,0,0,0,0,0,0,0,0,0,0,0,0,0,0,0,0,0,0,0,0,0,0,0,0,0,0,0,0,0,0,0,0,0,0,0,0,0,0,0,0,0,0,0,0,0,0,0,0,0,0,0,0,0,0,0,0,0,0,0,0,0,0,0,0,0
394_EX1,4,43509,81,6708,17467,62,37,15,700,1016,17,8,19,2560,3,27,10,0,1,19,0,113,0,2,4,95,1,0,1372,5,22,0,0,1,0,0,1,6,0,0,0,4,356,0,2,36,3,26,73,0,1,1,18,12,18,9,5,22,6,2,0,1,0,0,0,12,8,0,4,1,5,9,7,254,7,1,3,3,4,3,0,0,6,7,2,0,1,0,10,3,5,0,21,3,22,6,9,0,2,3,1,6,0,4,0,0,13,7,9,0,0,0,11,2,7,5,4,1,2,2,1,10,0,0,10,2,0,5,1,4,0,3,1,4,2,2,12,0,2,0,1,6,0,0,0,5,2,5,0,7,2,0,0,0,0,0,0,0,1,3,0,1,0,0,4,0,0,0,0,2,0,0,0,0,0,1,1,5,1,2,3,0,0,2,1,0,3,1,1,1,0,0,1,4,2,2,0,0,0,0,1,0,0,0,3,1,0,0,0,5,0,0,1,0,0,1,0,1,0,1,0,0,3,0,0,0,2,1,4,0,0,0,1,2,2,0,0,1,3,1,1,2,0,0,0,1,1,0,0,2,2,2,0,1,1,1,0,0,0,2,0,1,1,0,2,2,0,0,4,0,0,0,0,3,0,0,0,2,0,0,0,0,0,2,1,0,1,0,1,0,0,0,0,0,0,0,0,0,0,1,0,0,0,0,0,0,0,0,0,0,0,0,0,1,0,0,0,0,1,0,0,0,1,0,0,0,0,0,0,0,0,0,0,0,0,0,0,0,0,0,0,1,0,0,0,0,0,1,0,0,0,1,0,0,0,1,0,0,0,0,0,0,0,1,0,0,0,0,0,0,0,0,0,0,0,0,0,0,1,1,1,0,0,0,0,0,0,0,0,1,1,0,0,0,0,0,1,0,0,0,0,0,0,0,0,0,0,0,0,0,1,0,0,0,0,0,0,0,0,0,0,0,0,0,0,0,0,0,0,0,0,1,0,0,0,0,0,0,0,0,0,0,0,0,0,0,0,0,0,0,0,0,0,0,0,0,0,0,0,0,1,0,0,0,0,0,0,1,0,0,0,0,0,0,0,0,0,0,0,0,0,0,0,0,0,0,0,0,0,0,0,0,0,0,0,0,0,0,0,0,0,0,0,0,0,0,0,0,0,0,0,0,0,0,0,0,0,0,0,0,0
394_P1,0,23,22820,9257,3832,409,371,5,425,605,0,19,571,1685,0,0,349,43,58,142,4,0,7,122,497,45,17,13,41,250,1,9,79,73,72,133,14,133,21,0,6,1,4,0,300,23,101,42,19,0,16,0,2,10,9,0,1,2,3,3,0,30,12,13,23,1,2,14,4,1,15,3,9,0,7,5,0,19,1,0,0,0,2,9,1,0,1,6,5,0,3,2,0,3,0,2,0,0,1,0,0,6,0,0,2,1,0,5,0,2,0,3,1,0,1,0,1,3,0,2,1,0,6,0,0,0,0,0,1,2,0,2,1,1,0,0,5,0,0,2,4,1,4,2,0,1,1,0,0,0,0,0,0,0,14,0,0,0,0,0,1,1,0,0,1,0,0,1,2,0,0,0,1,1,0,1,1,0,0,0,0,0,0,2,0,2,3,1,0,0,1,1,0,0,2,0,0,0,0,0,0,0,0,0,1,0,0,1,0,1,0,0,0,0,0,0,0,0,0,1,0,0,0,2,0,0,0,0,0,0,0,0,2,0,0,0,0,0,0,0,0,0,0,0,0,0,0,0,0,0,0,0,1,0,0,0,0,0,0,1,0,0,0,0,0,0,0,0,0,0,0,0,0,0,0,0,0,0,0,0,1,0,0,0,0,0,0,0,0,0,0,0,0,0,0,0,1,0,0,0,0,0,0,0,0,0,0,1,0,0,0,1,0,0,1,0,0,0,0,0,0,0,0,0,0,0,0,0,0,0,0,0,0,0,0,0,0,2,0,0,0,0,0,1,0,0,0,0,0,0,1,0,0,0,0,0,0,0,0,0,0,1,0,0,0,0,0,0,0,0,0,1,1,0,0,0,0,0,0,0,0,0,0,0,0,0,0,0,0,0,0,0,1,0,0,0,0,0,1,0,0,0,0,0,0,0,0,0,0,0,0,0,0,0,0,0,0,0,0,0,0,0,0,0,0,0,0,0,0,0,0,0,0,0,0,0,0,0,0,0,0,0,0,0,0,0,0,0,0,0,0,0,0,0,0,0,0,0,0,0,0,0,0,0,0,0,0,0,0,0,0,0,1,0,0,0,0,0,0,0,0,0,0,0,0,0,0,0,0,0,0,0,0,0,0,0,0,0,0,0,0,0,0,0,0,0,0,0,0,0,0,0,0,0,0,0,0,0,0,0,0
425_BSL,0,18,37316,815,517,24,103,3,26,42,7,5,53,49,4,17,33,2,0,7,19,0,0,1,6,2,34,0,2,8,0,3,1,1,12,0,12,43,2,0,2,1,1,0,1,0,6,2,3,0,0,0,0,0,2,1,1,0,0,0,0,0,0,0,0,2,0,0,10,0,1,2,2,0,1,1,0,0,0,1,0,0,2,1,1,0,0,0,1,0,1,3,1,0,0,7,0,0,1,1,0,0,0,0,0,0,1,2,0,0,0,0,0,0,0,0,1,0,3,0,0,0,0,0,0,1,0,0,0,2,0,1,0,2,1,0,0,0,0,0,3,2,0,2,0,0,0,0,0,0,0,0,0,0,0,0,1,10,1,0,1,0,0,0,2,1,0,0,0,0,0,1,0,0,0,1,0,0,0,0,0,0,0,2,0,0,1,0,0,0,1,3,0,0,1,0,0,0,1,0,1,0,0,0,0,0,0,0,0,0,0,0,0,0,0,0,0,0,0,0,0,0,1,1,0,0,0,0,0,0,0,3,0,0,0,0,0,0,1,0,0,0,0,0,0,0,0,0,0,0,0,0,0,0,1,0,0,0,0,0,0,0,0,0,0,0,0,0,0,0,0,0,0,0,0,0,0,0,0,0,0,0,0,0,0,0,0,0,0,4,0,0,0,0,0,0,0,0,0,0,0,0,0,1,0,1,0,0,0,0,0,0,0,0,0,0,0,0,0,0,0,0,0,0,0,0,0,0,0,0,0,1,0,0,0,0,0,0,0,0,0,0,0,0,0,0,0,0,0,0,0,0,0,0,0,0,0,0,0,0,0,0,0,0,0,0,0,0,0,0,0,0,0,0,0,0,0,0,0,0,0,0,0,0,0,0,0,0,1,0,0,0,0,0,0,0,0,0,0,0,0,0,0,0,0,0,0,0,0,0,0,0,0,0,0,0,0,0,0,0,0,0,0,0,0,0,0,0,0,0,1,0,0,0,0,0,0,0,0,0,0,0,0,0,0,0,0,0,0,0,0,0,0,0,0,0,0,0,0,0,0,0,0,0,1,0,0,0,0,0,0,0,0,0,0,0,0,0,0,0,0,0,0,0,0,0,0,0,0,0,0,0,0,0,0,0,0,0,0,0,0,0,0,0,0,0,0,0,0,0,0,0,0,0,0,0,0,0,0,0,0
425_EX1,0,22,64179,152,150,5,23,13,4,10,2,0,16,7,1,2,2,0,0,4,0,0,0,0,3,1,64,0,16,1,1,0,2,2,0,0,0,111,0,0,0,2,0,2,0,3,0,0,3,0,0,0,0,0,0,0,6,0,2,0,0,0,0,0,0,5,0,0,8,1,0,3,1,0,1,0,0,0,0,0,0,0,0,0,0,0,0,0,0,1,2,4,0,1,0,20,0,0,0,0,0,0,0,0,0,0,1,3,0,0,0,1,0,0,0,0,1,0,5,0,0,0,1,1,0,3,0,0,1,2,0,0,0,0,0,0,0,0,1,0,3,1,0,4,0,0,2,0,0,0,1,0,0,0,0,0,1,13,0,0,0,0,0,0,1,0,0,0,0,0,1,0,0,1,0,0,0,0,1,0,0,0,0,0,1,0,0,0,1,0,0,1,0,0,0,0,0,0,0,0,1,0,0,0,0,0,0,0,0,0,0,0,0,0,0,0,0,0,0,0,0,0,1,0,0,0,0,4,0,0,0,1,1,0,0,0,1,0,0,0,2,0,0,0,0,0,0,0,0,0,0,0,0,0,0,0,0,1,0,0,0,0,0,0,0,0,0,0,0,1,0,0,0,0,0,0,0,0,0,0,0,0,0,0,0,0,0,0,0,0,0,0,0,2,0,0,0,0,1,0,0,0,0,0,0,2,0,0,0,0,0,0,0,0,0,0,0,0,0,0,0,0,0,0,0,0,0,1,0,0,0,0,0,0,0,0,0,0,0,0,0,0,0,0,0,0,0,1,0,0,0,0,0,0,0,0,0,0,0,0,0,0,0,0,0,0,0,0,0,0,0,0,0,0,0,0,0,0,0,0,0,0,0,0,0,0,0,0,0,0,0,0,0,0,0,0,0,0,0,0,0,0,0,0,0,0,0,0,0,0,0,0,0,0,0,0,0,0,0,0,0,0,0,0,0,0,0,0,0,0,0,0,0,0,0,0,0,0,0,0,0,0,0,0,0,0,0,0,0,0,0,0,0,0,0,0,0,0,0,0,0,0,0,0,0,0,0,0,0,0,0,0,0,0,0,0,0,0,0,0,0,0,0,0,0,0,0,0,0,0,0,0,0,0,0,0,0,0,0,0,0,0,0,0,0,0,0,0,0,0,0,0,0,0,0,0,0,0,0,0,0
425_P1,0,45,71046,850,875,41,169,18,80,29,0,0,64,98,1,1,25,0,0,15,5,0,0,1,0,4,58,0,23,1,1,15,1,0,2,0,13,122,4,0,7,0,0,0,5,1,0,1,15,0,0,0,0,0,6,0,3,1,1,0,0,0,0,0,0,1,0,1,13,0,0,2,0,0,0,1,0,1,0,0,0,0,0,5,0,0,0,0,0,0,1,9,1,1,0,20,0,0,0,1,0,0,0,0,0,0,1,0,0,0,0,2,0,1,0,0,0,0,0,1,0,0,0,0,0,1,0,0,1,2,0,0,0,2,1,0,0,0,0,0,1,0,0,6,0,0,1,0,0,0,0,0,0,1,0,0,0,7,0,0,0,0,0,0,2,0,0,0,0,0,1,1,0,0,0,0,1,1,0,0,0,0,0,6,0,0,0,0,0,0,0,1,0,1,0,0,0,1,0,0,0,0,0,0,0,1,0,0,0,1,0,0,0,0,0,0,0,0,0,0,0,0,0,0,0,0,0,0,0,0,0,3,0,0,0,1,0,0,1,0,1,1,0,0,0,0,0,0,0,0,0,0,0,1,2,0,0,0,0,0,0,0,0,0,0,0,0,0,1,0,1,0,1,1,0,0,0,0,1,0,0,0,0,0,0,0,0,0,0,0,0,0,0,0,0,0,0,1,0,0,0,0,0,0,0,0,0,0,0,0,0,0,0,0,0,1,0,0,2,0,0,0,0,0,0,0,0,0,0,0,0,0,0,0,0,0,0,0,0,0,0,0,0,0,0,0,1,0,0,0,0,0,0,0,0,0,0,0,0,0,0,0,0,0,0,0,1,0,0,0,0,0,0,0,0,0,0,0,0,0,0,0,0,0,0,0,0,0,0,0,0,0,0,0,0,0,0,0,0,0,0,0,0,2,0,0,0,0,0,0,0,0,1,0,0,0,0,0,0,0,0,0,0,0,0,0,0,0,0,0,0,0,1,0,0,0,0,0,0,0,0,0,0,0,0,0,0,0,0,0,0,0,0,0,0,0,0,0,0,0,0,0,0,0,0,0,0,0,0,0,0,0,0,0,0,0,0,0,0,0,0,0,0,0,0,0,0,0,0,0,0,0,0,0,0,0,0,0,0,0,0,0,0,0,0,0,0,0,0,0,0,0,0,0,0,0,0,0,0,0,0
515_BSL,0,119,27,4447,27,5,20,52595,1148,31,11,0,350,7,4,6,1,21,4,1,2,12,0,0,2,1,1,0,3,5,0,0,0,0,0,0,0,3,0,0,0,5,0,0,3,1,1,2,22,0,0,0,7,7,0,0,9,3,8,2,0,0,0,0,0,0,9,0,0,3,0,10,5,0,2,1,0,0,0,0,0,1,35,0,0,0,1,0,0,0,2,3,0,0,4,3,12,0,6,2,0,1,2,0,0,0,2,0,1,0,0,0,5,0,10,0,12,0,1,1,0,3,0,1,0,0,0,3,0,1,0,0,1,1,0,0,0,0,39,0,4,1,0,0,0,0,2,16,0,0,0,0,1,0,0,2,0,1,0,1,2,0,0,0,1,0,0,1,1,1,9,0,0,1,8,0,0,1,2,0,0,0,0,1,1,0,0,3,6,0,0,0,2,0,1,0,0,0,0,0,2,0,0,0,2,1,0,0,0,1,0,0,1,0,0,1,0,0,6,0,1,4,1,2,0,0,0,4,0,0,0,0,1,0,0,0,4,0,0,0,0,1,0,0,0,0,1,1,2,0,0,0,0,0,1,0,0,0,0,1,1,0,0,2,0,0,0,0,1,3,0,0,0,2,0,0,0,1,1,0,0,0,0,0,0,0,3,0,0,0,0,0,6,0,0,0,0,0,1,1,0,0,0,0,6,0,3,0,0,0,0,0,2,0,0,0,7,0,0,0,0,0,0,1,1,0,0,0,2,0,0,0,0,0,0,0,0,0,1,0,0,0,0,0,0,0,0,0,0,0,0,0,0,0,0,0,0,2,0,0,0,0,0,0,0,0,0,1,0,0,0,0,0,0,0,0,0,1,0,0,0,0,0,0,0,0,0,0,0,0,0,0,0,0,0,0,0,0,0,0,0,0,0,0,0,0,0,5,0,0,0,0,0,0,0,0,0,0,0,0,0,0,0,0,1,0,0,0,0,0,0,0,0,0,0,0,0,0,0,0,0,0,0,0,0,0,0,0,0,0,0,0,0,0,0,0,0,0,0,0,0,0,0,0,0,0,0,0,0,0,0,0,0,0,0,0,0,1,0,0,0,0,0,0,0,0,0,0,0,0,0,0,0,0,0,0,0,0,0,0,0,0,0,0,0,0,0,0,0,0,0,0,0,0,0,0,0,0,0,0,0
515_EX1,136,1027,62,24285,65,44,15,12503,9324,1905,0,0,7906,7,0,53,2,1,1,7,0,62,3,0,1,1,1,1,0,29,8,0,0,0,0,0,0,2,0,0,0,6,1,1,5,2,1,0,10,0,0,2,25,28,1,0,8,1,57,2,1,0,0,0,0,4,69,0,2,1,0,12,5,0,2,10,0,2,20,1,0,0,23,1,2,2,2,0,0,0,4,0,0,0,0,0,101,1,2,5,0,1,0,0,0,13,0,1,5,2,0,3,0,0,4,5,4,0,0,3,0,1,1,0,3,0,0,0,0,0,2,0,5,0,1,0,1,0,9,0,0,2,0,0,0,1,0,1,1,2,1,3,0,0,0,10,0,0,0,0,3,0,0,0,1,0,0,3,0,2,0,0,0,0,4,0,1,2,1,0,1,0,0,1,1,0,0,0,1,0,1,0,0,0,0,2,0,0,0,0,0,0,0,8,1,2,1,2,0,0,6,0,0,0,0,0,0,0,0,0,2,0,0,0,4,0,1,0,0,0,1,0,0,0,0,0,1,1,0,0,0,0,0,0,0,0,3,2,0,0,0,0,0,0,3,0,0,0,0,1,0,0,1,1,0,0,1,3,1,0,0,0,0,0,2,0,1,0,1,3,0,0,0,0,0,0,1,0,0,0,0,0,0,0,0,0,0,0,0,0,0,0,0,0,0,0,0,0,0,0,0,0,0,1,0,0,0,0,0,0,0,1,0,0,0,0,1,0,0,0,0,0,0,0,0,0,0,0,1,1,0,0,0,0,1,0,0,0,0,1,0,0,0,0,0,0,0,1,0,0,0,0,0,0,0,0,0,0,0,0,0,0,0,0,0,0,0,0,0,0,0,0,0,0,0,0,0,0,0,0,0,0,0,0,0,0,0,0,0,0,0,0,0,0,0,0,0,0,0,0,0,0,0,1,0,0,0,0,0,0,0,0,0,0,0,0,0,1,0,0,0,0,0,0,0,0,0,0,0,0,0,0,0,0,0,0,0,0,0,0,0,0,0,0,0,0,0,0,0,0,0,0,0,0,0,0,0,0,0,0,0,0,0,0,0,0,0,0,0,0,0,0,0,0,0,0,0,0,0,0,0,0,0,0,0,0,0,0,0,0,0,0,0,0,0,0,0,0,0,0,0,0,0,0,0,0,0,0,0,0,0
515_P1,0,36,103,4748,8,4,4,67470,1014,22,0,0,518,3,0,9,0,30,1,5,0,1,0,1,0,1,3,0,0,5,0,0,0,0,0,0,0,3,0,0,0,1,2,0,1,1,1,14,13,0,0,0,11,15,1,0,7,2,11,3,0,0,0,0,0,0,5,0,1,0,0,10,4,0,0,2,0,0,4,0,0,0,30,2,0,0,0,0,0,2,2,1,0,0,1,4,13,0,2,2,0,7,0,1,0,38,3,4,0,0,0,10,1,1,12,0,8,0,0,0,0,1,1,0,7,1,0,5,0,0,0,0,0,0,0,0,0,0,25,0,1,0,0,0,0,0,7,14,0,1,0,0,2,0,0,2,0,1,0,0,1,0,0,0,1,0,0,1,0,1,7,1,0,0,6,0,0,0,0,1,0,0,0,1,0,1,1,3,3,0,0,1,1,1,0,1,0,0,0,0,0,0,0,0,2,1,0,0,0,1,1,1,1,0,0,0,0,0,8,1,0,5,0,0,0,0,0,0,0,0,0,0,1,0,0,0,3,0,0,0,0,1,1,0,0,0,1,0,4,0,1,0,0,0,1,0,0,0,0,2,0,1,0,1,0,0,0,0,1,1,0,1,0,0,0,0,0,0,0,0,0,0,1,0,2,0,4,0,2,0,0,0,10,0,0,0,0,1,2,0,0,0,0,0,7,0,8,0,0,0,0,0,0,0,1,0,7,0,0,0,0,0,0,0,0,0,0,1,0,0,0,0,1,0,0,0,0,0,2,0,0,0,0,0,1,0,0,0,0,0,0,0,0,2,1,0,0,0,0,0,0,0,0,0,0,0,0,0,0,0,0,0,0,0,0,0,0,0,0,0,0,0,0,0,0,0,0,0,0,0,0,0,0,0,0,0,0,0,0,0,0,0,0,0,0,0,0,0,0,0,0,0,0,2,0,0,0,0,2,0,0,0,0,0,0,0,0,2,0,0,0,0,0,0,0,0,0,0,0,0,0,0,0,0,0,0,0,0,0,0,0,0,0,0,0,0,0,0,0,0,0,0,0,0,0,0,0,0,0,0,0,0,0,0,0,0,0,0,0,0,0,0,0,0,0,0,0,0,0,0,0,0,0,0,0,0,0,0,0,0,0,0,0,0,0,0,0,0,0,0,0,0,1,0,0,0,0,0,0,0,0
540_BSL,23,124,1804,10774,4598,656,801,2,131,3264,20,28,308,714,2,131,294,87,128,419,1765,0,13,325,53,65,9,110,115,20,19,160,50,168,27,46,19,89,46,0,53,17,2,0,44,7,72,3,50,88,8,2,30,28,2,9,4,20,1,2,3,16,0,0,54,9,0,0,1,2,0,14,4,0,8,1,10,3,0,6,0,12,11,28,3,0,2,18,5,1,3,7,0,0,21,4,0,0,9,5,1,15,0,0,0,0,1,2,2,2,0,0,1,3,2,3,2,0,0,3,0,0,12,3,0,0,59,1,3,2,2,1,1,2,2,0,0,0,1,1,1,0,0,5,0,2,0,1,0,0,0,0,0,8,1,1,0,0,0,0,0,1,0,5,2,2,81,0,0,0,0,1,1,0,1,1,0,8,0,0,0,0,0,0,1,1,1,1,2,0,0,1,0,1,1,1,0,1,3,1,0,0,1,0,2,1,1,0,0,1,0,0,0,0,0,0,0,0,0,0,0,3,1,0,0,0,0,0,0,0,1,0,1,0,0,0,0,0,0,0,0,1,1,0,0,0,0,0,3,0,3,0,2,0,1,0,1,0,0,0,0,0,0,1,0,0,1,0,0,0,0,0,0,0,0,0,0,0,1,0,0,0,0,0,1,1,0,0,1,0,0,0,0,0,0,0,0,0,1,0,0,0,0,0,0,0,0,0,0,0,0,0,0,1,0,0,0,0,0,0,0,1,0,0,0,0,0,0,0,0,0,1,0,0,0,0,0,0,1,0,0,0,0,0,0,0,0,0,0,0,0,0,0,0,0,0,0,0,0,0,0,0,1,1,0,0,0,0,0,0,0,0,0,0,0,0,0,2,0,0,0,0,0,0,0,0,0,0,0,0,0,0,0,0,0,0,0,1,0,0,0,0,0,0,0,0,0,0,0,0,0,0,0,0,0,0,0,0,0,0,0,0,0,0,0,0,0,0,0,0,0,0,0,0,0,0,0,0,0,0,0,0,0,0,0,0,0,0,0,0,0,0,0,0,0,0,0,0,0,0,0,0,0,0,0,0,0,0,0,1,0,0,0,0,0,0,0,0,0,0,0,0,0,0,0,0,0,0,0,0,0,0,0,0,0,0,0,0,0,0,0,0,0,0,0,0,0,0,0,0,0,0,0,0,0,0,0,0,0,0,0
540_EX1,8,347,51,20365,582,49,105,186,3445,5248,108,0,353,97,1,287,0,6,94,58,58,12467,4,2,62,11,1,25,2,480,17,151,40,2,112,1,50,3,9,0,92,24,6,0,32,46,0,22,29,0,1,80,52,57,0,4,8,25,24,4,8,0,62,0,4,2,21,25,2,0,8,1,25,5,2,100,51,1,18,9,0,193,12,3,1,0,8,20,0,1,10,0,0,3,0,8,16,17,7,7,17,9,13,3,3,0,5,4,0,3,0,0,4,0,7,1,0,0,0,9,0,1,0,0,1,2,21,4,0,2,3,2,2,2,3,1,0,0,1,0,0,2,0,0,0,0,0,1,1,5,26,1,0,1,24,5,0,0,2,1,8,0,0,0,16,0,0,3,0,0,0,0,0,1,5,0,1,4,4,1,0,0,1,2,1,1,1,1,1,1,0,0,1,1,2,0,0,0,0,1,0,0,0,0,0,1,0,0,0,0,1,1,2,0,0,1,4,2,1,0,1,4,0,0,2,3,0,1,0,0,0,0,0,1,3,2,1,0,1,0,0,0,0,0,0,21,0,2,1,1,1,2,0,0,0,16,0,1,1,0,0,0,0,0,1,1,0,2,0,0,3,0,1,0,0,0,1,3,0,0,0,0,0,14,0,0,1,0,0,0,6,1,1,1,2,0,0,1,0,10,0,1,5,0,0,0,0,1,0,0,0,0,0,0,3,0,0,0,0,0,0,0,7,0,0,0,0,0,1,0,0,0,8,0,0,0,1,0,1,1,0,1,1,0,0,1,0,1,0,0,0,0,0,0,0,0,0,1,0,2,0,0,0,0,0,4,0,0,0,0,0,0,0,0,1,0,0,2,1,1,0,0,0,0,0,2,0,0,0,0,0,0,0,0,2,0,0,0,0,1,0,0,0,0,0,0,0,0,0,0,0,0,0,0,0,0,2,0,0,0,0,0,0,0,0,0,0,0,0,0,0,0,0,1,0,0,0,0,1,0,0,1,0,0,0,0,0,0,0,0,0,0,0,0,0,1,1,0,0,0,0,0,0,0,0,0,0,1,0,0,0,0,0,0,0,0,0,0,1,0,0,0,0,0,0,0,0,0,0,1,0,0,1,0,0,0,0,0,0,0,0,0,0,0,0,0,0,0,0,0,0,0,0,0,0,0,0,0,0,0,1
540_P1,66,69,7696,23717,12616,4109,3527,8,213,15916,5,48,1471,3598,3,63,1950,100,1137,1481,7433,0,27,1854,418,440,21,222,217,5,9,557,309,578,3,108,328,459,196,0,290,78,29,14,340,13,689,47,98,158,75,2,177,161,99,25,16,194,12,23,101,205,37,37,189,13,0,36,9,24,119,56,40,0,28,1,25,111,2,7,0,3,54,70,7,0,0,2,39,3,19,9,0,7,21,8,2,9,12,12,1,23,9,1,20,1,2,9,4,8,0,6,1,2,12,3,3,25,2,9,11,3,15,40,7,3,1,1,6,5,4,14,0,2,3,6,0,0,6,20,8,6,4,22,0,3,6,3,1,1,1,0,0,34,1,0,0,2,11,12,1,3,0,4,0,2,0,0,7,2,2,3,1,6,15,4,0,4,2,6,2,0,1,1,1,3,10,2,2,2,1,1,0,2,1,0,0,0,1,0,2,0,2,0,1,0,4,0,0,3,0,9,4,0,0,2,0,3,0,2,4,6,1,1,1,0,0,0,1,0,1,3,0,1,0,1,2,2,5,1,2,0,0,0,0,0,1,0,5,0,0,1,0,0,2,0,0,5,2,0,0,2,2,0,0,0,1,0,1,2,0,3,1,0,1,0,1,3,1,0,0,0,1,0,0,2,1,0,0,0,0,2,0,2,1,0,1,1,0,0,0,0,0,0,0,0,0,0,0,2,0,1,0,1,0,1,0,0,0,0,0,1,0,0,0,0,0,2,1,0,0,2,0,0,0,0,0,0,0,0,0,0,1,0,0,0,1,1,0,1,9,1,1,0,0,1,0,0,8,0,0,0,0,0,0,0,0,0,1,0,0,1,1,0,0,0,0,0,0,0,0,0,0,1,0,0,0,1,0,0,0,0,0,0,0,0,0,1,0,0,0,0,5,0,0,0,1,0,0,0,0,0,1,1,0,0,0,1,0,0,1,0,0,0,0,1,0,0,0,0,0,0,0,0,0,0,0,0,0,0,0,0,0,0,0,0,1,0,0,0,0,0,0,0,0,0,0,0,0,0,0,1,0,0,0,0,0,0,0,0,0,0,0,0,0,0,0,0,0,1,0,0,1,0,0,1,0,0,0,0,0,0,0,0,0,0,0,0,0,0,0,0,0,0,0,0,0,0,0,0,0,0,0,0,0,0,0,0,0,0,0
1111_BSL,43,104,3752,29194,10109,657,2495,4,10626,4645,0,2,4760,1555,0,8,369,345,85,172,326,0,54,541,1082,91,40,84,46,626,3,368,62,550,390,2349,140,273,50,0,421,31,2,2,35,143,3,47,53,18,79,0,61,54,3,10,3,36,54,6,2,1,99,11,33,4,54,66,0,2,11,18,25,0,4,42,3,61,41,1,0,0,15,13,1,0,24,12,12,0,4,0,1,2,1,7,1,0,1,3,0,8,2,0,0,3,3,3,2,9,0,3,0,0,14,0,10,12,2,4,5,3,19,14,4,1,0,1,1,7,0,3,15,0,0,1,0,0,1,10,4,7,7,14,0,0,5,0,0,0,0,12,0,1,9,11,0,5,11,3,4,0,103,1,1,4,0,2,0,2,1,0,3,0,1,4,2,0,0,2,0,0,0,0,8,3,2,1,1,0,0,0,1,1,2,0,0,0,0,0,0,0,1,0,1,4,2,5,0,1,3,1,1,0,1,2,0,0,1,2,1,2,0,0,1,2,0,0,1,0,1,0,0,0,0,0,2,1,2,0,0,1,0,0,0,0,2,1,2,0,1,0,0,1,0,0,0,0,0,0,0,1,1,1,0,1,2,2,1,0,2,0,0,1,2,0,0,0,2,2,0,0,0,0,1,0,0,0,0,0,0,1,0,0,2,0,0,0,0,0,0,0,0,0,0,0,0,0,0,0,0,0,0,0,0,0,0,1,0,0,0,4,0,1,0,0,0,1,0,0,0,0,0,1,0,0,0,0,0,0,0,2,0,0,0,0,1,1,0,0,0,0,0,0,0,0,0,0,0,0,1,0,0,0,0,0,1,0,0,0,0,0,0,0,1,0,0,0,0,1,1,0,0,0,0,0,0,0,0,0,0,0,0,0,0,0,0,0,0,0,0,5,0,0,1,0,0,0,0,0,0,0,1,0,0,0,0,0,0,0,0,0,0,0,0,0,0,0,1,0,0,0,0,0,0,0,0,0,2,0,0,0,0,0,0,0,0,0,0,0,0,0,0,0,0,0,0,0,0,0,0,1,0,0,0,0,0,0,0,0,1,0,0,0,0,0,0,0,0,0,0,0,0,0,0,0,0,0,0,0,0,0,0,0,1,0,0,0,0,0,0,0,0,0,0,0,0,0,0,0,0,0,0,0,0,0,0,0,0,0,0
1111_EX1,1,127,2637,33957,5240,1231,20840,50,12176,1954,16,14,5566,1078,8,44,264,72,27,54,465,399,20,239,718,48,13,38,9,602,5,43,128,1420,56,709,136,220,5,0,22,14,4,2,8,15,1,112,46,51,282,1,21,35,10,7,6,35,65,2,3,15,85,3,37,4,57,12,2,9,4,17,23,0,5,41,0,12,62,15,0,12,16,44,4,0,15,1,4,0,6,6,0,3,2,4,9,0,3,3,0,11,7,1,0,0,2,12,1,10,0,4,2,3,5,1,9,1,9,6,1,0,2,8,4,1,0,2,10,6,2,4,16,4,1,1,0,0,2,4,3,5,1,8,0,2,1,0,0,0,4,11,0,1,21,12,0,3,2,2,4,3,0,0,4,0,0,2,0,4,2,0,1,0,0,2,4,3,3,0,5,0,1,2,8,4,1,2,2,1,1,0,1,2,1,0,0,0,0,0,0,56,2,0,0,7,0,4,0,2,5,0,0,0,0,1,0,2,0,2,3,0,1,2,2,3,0,0,2,0,4,0,0,1,0,0,1,1,2,2,1,0,0,0,0,3,1,1,0,0,1,0,0,0,0,0,2,1,3,3,0,0,1,3,0,0,1,3,1,2,1,3,3,1,1,0,1,1,1,1,0,0,0,0,0,1,0,0,0,0,0,0,0,0,0,0,0,0,1,0,0,0,0,0,1,1,0,0,0,1,0,3,0,0,0,0,0,1,0,1,2,1,0,0,0,0,0,0,0,0,0,0,0,1,0,0,0,0,0,0,0,0,1,0,0,0,0,0,0,1,0,1,0,0,0,0,0,0,0,0,0,0,0,0,0,0,0,1,0,0,0,0,0,0,0,0,0,0,0,1,0,0,0,0,0,0,0,0,0,0,1,1,0,0,0,0,0,0,0,0,0,0,0,0,0,0,1,0,0,0,0,0,0,0,0,0,0,0,0,0,0,0,0,0,0,0,0,0,2,0,0,0,0,0,0,0,0,0,0,0,1,0,0,0,0,0,0,0,0,0,0,1,0,0,0,0,0,0,0,0,0,0,0,0,0,0,0,0,0,0,0,0,0,0,0,0,0,0,0,0,0,0,0,0,1,0,0,0,0,0,0,0,0,0,0,0,0,0,0,0,0,0,0,0,0,0,0,0,0,0,0,0,0,0,0,0,0,0,0,0,0
1111_P1,128,1155,6447,60065,8496,536,6597,37,43535,10795,46,33,14263,637,17,429,273,260,35,69,3712,138,2,1119,2176,19,19,163,11,869,116,770,116,1110,137,534,52,388,45,0,614,71,4,0,19,164,191,15,92,0,210,5,145,132,0,15,39,27,193,16,0,27,411,6,60,38,235,18,15,6,1,43,58,12,15,169,2,10,227,12,0,1,42,16,14,0,79,0,5,5,24,13,0,10,3,14,11,0,12,19,0,10,43,3,0,3,7,7,16,18,0,6,5,6,10,11,24,0,5,11,0,6,8,15,2,7,0,9,3,24,14,6,78,1,2,2,0,0,7,23,3,14,0,10,2,9,6,8,2,2,7,47,0,0,1,37,0,4,12,8,28,12,0,0,1,3,0,7,1,9,1,6,5,2,5,0,17,5,7,6,9,0,6,1,25,7,4,8,6,3,4,2,2,2,10,1,1,1,1,0,4,0,4,0,0,14,6,17,0,3,13,1,9,0,0,9,1,0,2,4,9,4,0,3,17,4,1,0,0,0,1,0,0,4,1,4,1,1,2,2,2,6,2,0,1,0,5,10,3,5,3,0,3,0,3,1,0,1,1,1,1,2,1,0,2,1,0,6,1,5,9,1,10,3,3,26,3,4,4,0,1,0,1,0,6,0,1,0,2,0,0,2,0,1,0,1,2,0,3,0,0,0,1,0,0,0,0,2,1,3,0,1,0,1,0,0,0,0,0,1,1,0,1,0,0,0,5,0,0,0,0,1,0,5,0,0,0,1,1,0,0,3,0,0,2,0,0,0,0,1,0,0,0,2,0,0,1,0,0,0,0,3,0,0,0,0,0,0,0,0,0,0,0,2,5,0,1,0,2,1,1,0,0,0,0,1,0,0,0,0,2,0,0,0,0,4,0,1,0,0,0,0,0,0,2,0,1,0,0,0,0,1,0,0,4,0,0,0,0,0,0,0,0,0,1,0,3,0,0,0,0,0,1,0,1,0,0,0,0,0,1,0,0,0,0,0,0,0,0,0,0,0,0,0,0,0,1,0,0,0,0,0,0,0,0,0,1,0,0,0,0,0,0,0,0,0,0,0,0,0,0,0,0,0,0,0,0,0,0,0,0,0,0,0,0,0,0,0,0,0,0,0,0,0,0,0,0,0,0,0,0,0,0,0,0,0,0,0,0,0,0